rank,title,year,rating,votes,genre,runtime_minutes,imdb_id,imdb_url,weighted_score,plot,awards,metascore,imdb_rating,box_office,director,language,country,sentiment_compound,sentiment_positive,sentiment_negative,sentiment_neutral,sentiment_intensity,sentiment_label,age_years,votes_per_year,longevity_score,quadrant,primary_genre
1,The Shawshank Redemption,1994,9.3,3195314,Drama,142,tt0111161,https://www.imdb.com/title/tt0111161/,9.1798,"Chronicles the experiences of a formerly successful banker as a prisoner in the gloomy jailhouse of Shawshank after being found guilty of a crime he did not commit. The film portrays the man's unique way of dealing with his new, torturous life; along the way he befriends a number of fellow prisoners, most notably a wise long-term inmate named Red.",Nominated for 7 Oscars. 21 wins & 42 nominations total,82.0,9.3,"$28,767,189",Frank Darabont,English,United States,-0.8962,0.107,0.258,0.635,0.8962,negative,31,103074.64516129032,13.33,Hidden Gem,Drama
2,The Godfather,1972,9.2,2229956,"Crime, Drama",175,tt0068646,https://www.imdb.com/title/tt0068646/,9.0403,"The Godfather ""Don"" Vito Corleone is the head of the Corleone mafia family in New York. He is at the event of his daughter's wedding. Michael, Vito's youngest son and a decorated WWII Marine is also present at the wedding. Michael seems to be uninterested in being a part of the family business. Vito is a powerful man, and is kind to all those who give him respect but is ruthless against those who do not. But when a powerful and treacherous rival wants to sell drugs and needs the Don's influence for the same, Vito refuses to do it. What follows is a clash between Vito's fading old values and the new ways which may cause Michael to do the thing he was most reluctant in doing and wage a mob war against all the other mafia families which could tear the Corleone family apart.",Won 3 Oscars. 31 wins & 31 nominations total,100.0,9.2,"$136,381,073",Francis Ford Coppola,"English, Italian, Latin",United States,0.4785,0.083,0.052,0.865,0.4785,positive,53,42074.64150943396,5.28,Safe Bet,Crime
3,The Dark Knight,2008,9.1,3176249,"Crime, Thriller",152,tt0468569,https://www.imdb.com/title/tt0468569/,8.991,"Set within a year after the events of Batman Begins (2005), Batman, Lieutenant James Gordon, and new District Attorney Harvey Dent successfully begin to round up the criminals that plague Gotham City, until a mysterious and sadistic criminal mastermind known only as ""The Joker"" appears in Gotham, creating a new wave of chaos. Batman's struggle against The Joker becomes deeply personal, forcing him to ""confront everything he believes"" and improve his technology to stop him. A love triangle develops between Bruce Wayne, Dent, and Rachel Dawes.",Won 2 Oscars. 163 wins & 165 nominations total,85.0,9.1,"$534,987,076",Christopher Nolan,"English, Mandarin","United States, United Kingdom",-0.3612,0.146,0.16,0.695,0.3612,negative,17,186838.17647058822,24.38,Hidden Gem,Crime
4,The Lord of the Rings: The Return of the King,2003,9.0,2168090,"Adventure, Drama, Fantasy",201,tt0167260,https://www.imdb.com/title/tt0167260/,8.8531,"The final confrontation between the forces of good and evil fighting for control of the future of Middle-earth. Frodo and Sam reach Mordor in their quest to destroy the One Ring, while Aragorn leads the forces of good against Sauron's evil army at the stone city of Minas Tirith.",Won 11 Oscars. 215 wins & 124 nominations total,94.0,9.0,"$386,975,644",Peter Jackson,"English, Quenya, Old English, Sindarin","New Zealand, United States",-0.9042,0.106,0.263,0.631,0.9042,negative,22,98549.54545454546,12.73,Hidden Gem,Adventure
5,Schindler's List,1993,9.0,1586996,"Biography, Drama, History",195,tt0108052,https://www.imdb.com/title/tt0108052/,8.8053,"Oskar Schindler is a vain and greedy German businessman who becomes an unlikely humanitarian amid the barbaric German Nazi reign when he feels compelled to turn his factory into a refuge for Jews. Based on the true story of Oskar Schindler who managed to save about 1100 Jews from being gassed at the Auschwitz concentration camp, it is a testament to the good in all of us.",Won 7 Oscars. 91 wins & 49 nominations total,95.0,9.0,"$96,898,818",Steven Spielberg,"English, Hebrew, German, Polish, Latin",United States,0.6124,0.133,0.067,0.801,0.6124,positive,32,49593.625,6.27,Safe Bet,Biography
6,The Godfather Part II,1974,9.0,1496738,"Crime, Drama",202,tt0071562,https://www.imdb.com/title/tt0071562/,8.7949,"The continuing saga of the Corleone crime family tells the story of a young Vito Corleone growing up in Sicily and in 1910s New York; and follows Michael Corleone in the 1950s as he attempts to expand the family business into Las Vegas, Hollywood and Cuba.",Won 6 Oscars. 17 wins & 21 nominations total,90.0,9.0,"$47,834,595",Francis Ford Coppola,"English, Italian, Spanish, Latin, Sicilian",United States,-0.128,0.079,0.069,0.851,0.128,negative,51,29347.803921568626,3.6,Overhyped,Crime
7,The Lord of the Rings: The Fellowship of the Ring,2001,8.9,2210277,"Adventure, Drama, Fantasy",178,tt0120737,https://www.imdb.com/title/tt0120737/,8.7639,"An ancient Ring thought lost for centuries has been found, and through a strange twist of fate has been given to a small Hobbit named Frodo. When Gandalf discovers the Ring is in fact the One Ring of the Dark Lord Sauron, Frodo must make an epic quest to Mount Doom in order to destroy it. However, he does not go alone. He is joined by Gandalf, Legolas the elf, Gimli the Dwarf, Aragorn, Boromir, and his three Hobbit friends Merry, Pippin, and Samwise. Through mountains, snow, darkness, forests, rivers and plains, facing evil and danger at every corner the Fellowship of the Ring must go. Their quest to destroy the One Ring is the only hope for the end of the Dark Lords reign.",Won 4 Oscars. 126 wins & 127 nominations total,92.0,8.9,"$325,873,309",Peter Jackson,"English, Sindarin","New Zealand, United States",-0.9074,0.076,0.16,0.764,0.9074,negative,24,92094.875,11.88,Hidden Gem,Adventure
8,12 Angry Men,1957,9.0,985899,"Crime, Drama",96,tt0050083,https://www.imdb.com/title/tt0050083/,8.7066,"The defense and the prosecution have rested, and the jury is filing into the jury room to decide if a young man is guilty or innocent of murdering his father. What begins as an open-and-shut case of murder soon becomes a detective story that presents a succession of clues creating doubt, and a mini-drama of each of the jurors' prejudices and preconceptions about the trial, the accused, AND each other. Based on the play, all of the action takes place on the stage of the jury room.",Nominated for 3 Oscars. 16 wins & 12 nominations total,97.0,9.0,,Sidney Lumet,English,United States,-0.9349,0.096,0.209,0.696,0.9349,negative,68,14498.514705882353,1.64,Avoid,Crime
9,Inception,2010,8.8,2824071,"Adventure, Sci-Fi, Thriller",148,tt1375666,https://www.imdb.com/title/tt1375666/,8.6982,"Dom Cobb is a skilled thief, the absolute best in the dangerous art of extraction, stealing valuable secrets from deep within the subconscious during the dream state, when the mind is at its most vulnerable. Cobb's rare ability has made him a coveted player in this treacherous new world of corporate espionage, but it has also made him an international fugitive and cost him everything he has ever loved. Now Cobb is being offered a chance at redemption. One last job could give him his life back but only if he can accomplish the impossible, inception. Instead of the perfect heist, Cobb and his team of specialists have to pull off the reverse: their task is not to steal an idea, but to plant one. If they succeed, it could be the perfect crime. But no amount of careful planning or expertise can prepare the team for the dangerous enemy that seems to predict their every move. An enemy that only Cobb could have seen coming.",Won 4 Oscars. 160 wins & 220 nominations total,74.0,8.8,"$292,587,330",Christopher Nolan,"English, Japanese, French","United Kingdom, United States",0.8978,0.184,0.133,0.683,0.8978,positive,15,188271.4,24.57,Safe Bet,Adventure
10,Fight Club,1999,8.8,2615814,"Crime, Drama, Thriller",139,tt0137523,https://www.imdb.com/title/tt0137523/,8.6906,"A nameless first-person narrator attends support groups in an attempt to subdue his emotional state and relieve his insomniac state. When he meets Marla, another fake attendee of support groups, his life seems to become a little more bearable. However, when he associates himself with Tyler he is dragged into an underground fight club and soap-making scheme. Together the two men spiral out of control and engage in competitive rivalry for love and power.",Nominated for 1 Oscar. 12 wins & 38 nominations total,67.0,8.8,"$37,834,891",David Fincher,English,"United States, Germany",0.872,0.201,0.078,0.722,0.872,positive,26,100608.23076923077,13.0,Safe Bet,Crime
11,Forrest Gump,1994,8.8,2501565,"Drama, Romance",142,tt0109830,https://www.imdb.com/title/tt0109830/,8.686,"Forrest Gump is a simple man with a low I.Q. but good intentions. He is running through childhood with his best and only friend Jenny. His 'mama' teaches him the ways of life and leaves him to choose his destiny. Forrest joins the army for service in Vietnam, finding new friends called Dan and Bubba, he wins medals, creates a famous shrimp fishing fleet, inspires people to jog, starts a ping-pong craze, creates the smiley, writes bumper stickers and songs, donates to people and meets the president several times. However, this is all irrelevant to Forrest who can only think of his childhood sweetheart Jenny Curran, who has messed up her life. Although in the end all he wants to prove is that anyone can love anyone.",Won 6 Oscars. 51 wins & 74 nominations total,82.0,8.8,"$330,455,270",Robert Zemeckis,English,United States,0.9932,0.285,0.039,0.676,0.9932,positive,31,80695.64516129032,10.38,Safe Bet,Drama
12,Pulp Fiction,1994,8.8,2439449,"Crime, Drama",154,tt0110912,https://www.imdb.com/title/tt0110912/,8.6833,"Jules Winnfield (Samuel L. Jackson) and Vincent Vega (John Travolta) are two hitmen who are out to retrieve a suitcase stolen from their employer, mob boss Marsellus Wallace (Ving Rhames). Wallace has also asked Vincent to take his wife Mia (Uma Thurman) out a few days later when Wallace himself will be out of town. Butch Coolidge (Bruce Willis) is an aging boxer who is paid by Wallace to lose his fight. The lives of these seemingly unrelated people are woven together comprising of a series of funny, bizarre and uncalled-for incidents.",Won 1 Oscar. 69 wins & 72 nominations total,95.0,8.8,"$107,928,762",Quentin Tarantino,"English, Spanish, French",United States,-0.8442,0.028,0.128,0.844,0.8442,negative,31,78691.90322580645,10.11,Hidden Gem,Crime
13,The Lord of the Rings: The Two Towers,2002,8.8,1960555,"Adventure, Drama, Fantasy",179,tt0167261,https://www.imdb.com/title/tt0167261/,8.6575,"The continuing quest of Frodo and the Fellowship to destroy the One Ring. Frodo and Sam discover they are being followed by the mysterious Gollum. Aragorn, the Elf archer Legolas, and Gimli the Dwarf encounter the besieged Rohan kingdom, whose once great King Theoden has fallen under Saruman's deadly spell.",Won 2 Oscars. 132 wins & 139 nominations total,87.0,8.8,"$350,104,956",Peter Jackson,"English, Sindarin, Old English","New Zealand, United States",-0.2263,0.072,0.105,0.823,0.2263,negative,23,85241.52173913043,10.98,Hidden Gem,Adventure
14,Interstellar,2014,8.7,2541567,"Adventure, Drama, Sci-Fi",169,tt0816692,https://www.imdb.com/title/tt0816692/,8.595,"In the near future around the American Midwest, Cooper, an ex-science engineer and pilot, is tied to his farming land with his daughter Murph and son Tom. As devastating sandstorms ravage Earth's crops, the people of Earth realize their life here is coming to an end as food begins to run out. Eventually stumbling upon a N.A.S.A. base 6 hours from Cooper's home, he is asked to go on a daring mission with a few other scientists into a wormhole because of Cooper's scientific intellect and ability to pilot aircraft unlike the other crew members. In order to find a new home while Earth decays, Cooper must decide to either stay, or risk never seeing his children again in order to save the human race by finding another habitable planet.",Won 1 Oscar. 45 wins & 148 nominations total,74.0,8.7,"$203,227,580",Christopher Nolan,English,"United States, United Kingdom, Canada",0.2263,0.077,0.064,0.86,0.2263,positive,11,231051.54545454544,30.21,Safe Bet,Adventure
15,The Matrix,1999,8.7,2252453,"Action, Sci-Fi",136,tt0133093,https://www.imdb.com/title/tt0133093/,8.5826,"Thomas A. Anderson is a man living two lives. By day he is an average computer programmer and by night a hacker known as Neo. Neo has always questioned his reality, but the truth is far beyond his imagination. Neo finds himself targeted by the police when he is contacted by Morpheus, a legendary computer hacker branded a terrorist by the government. As a rebel against the machines, Neo must confront the agents: super-powerful computer programs devoted to stopping Neo and the entire human rebellion.",Won 4 Oscars. 42 wins & 52 nominations total,73.0,8.7,"$177,559,005","Lana Wachowski, Lilly Wachowski",English,"United States, Australia",-0.7814,0.066,0.155,0.779,0.7814,negative,26,86632.80769230769,11.16,Hidden Gem,Action
16,Star Wars: Episode V - The Empire Strikes Back,1980,8.7,1507380,"Adventure, Fantasy, Sci-Fi",124,tt0080684,https://www.imdb.com/title/tt0080684/,8.5313,"Luke Skywalker, Han Solo, Princess Leia and Chewbacca face attack by the Imperial forces and its AT-AT walkers on the ice planet Hoth. While Han and Leia escape in the Millennium Falcon, Luke travels to Dagobah in search of Yoda. Only with the Jedi Master's help will Luke survive when the Dark Side of the Force beckons him into the ultimate duel with Darth Vader.",Won 1 Oscar. 27 wins & 21 nominations total,82.0,8.7,"$292,753,960",Irvin Kershner,English,United States,0.0772,0.063,0.045,0.892,0.0772,positive,45,33497.333333333336,4.15,Overhyped,Adventure
17,GoodFellas,1990,8.7,1394837,"Biography, Crime, Drama",145,tt0099685,https://www.imdb.com/title/tt0099685/,8.5194,"Henry Hill recounts his life in the mob, from his teenage years to his eventual downfall. Immersed in organized crime, he experiences wealth, power, and violence alongside friends Jimmy Conway and Tommy DeVito. The film blends crime, drama, and dark humor, exploring loyalty, ambition, betrayal, and the consequences of criminal life. Themes of family, morality, and the fleeting nature of power underpin the story.",Won 1 Oscar. 44 wins & 38 nominations total,92.0,8.7,"$46,909,721",Martin Scorsese,"English, Italian, Hebrew, Yiddish",United States,-0.8126,0.14,0.215,0.646,0.8126,negative,35,39852.485714285714,4.99,Hidden Gem,Biography
18,"The Good, the Bad and the Ugly",1966,8.8,891500,"Adventure, Drama, Western",178,tt0060196,https://www.imdb.com/title/tt0060196/,8.5178,"During the American Civil War, three men set off to find $200,000.00 in buried gold coins. Tuco and Blondie have known each other for some time, having used the reward on Tuco's head as a way of earning money. They come across a dying man, Bill Carson, who tells them of a treasure in gold coins. By chance, he reveals the name of the cemetery and the name of the grave where the gold is buried. Now rivals, the two men have good reason to keep each other alive. The third man, Angel Eyes, hears of the gold stash from someone he's been hired to kill. All he knows is to look for someone named Bill Carson. The three ultimately meet in a showdown that takes place amid a major battle between Confederate and Union forces.",2 wins & 5 nominations total,90.0,8.8,"$25,100,000",Sergio Leone,"English, Italian","Italy, Spain, West Germany, United States",-0.4005,0.087,0.091,0.822,0.4005,negative,59,15110.169491525423,1.72,Avoid,Adventure
19,Seven,1995,8.6,2026525,"Crime, Drama, Mystery",127,tt0114369,https://www.imdb.com/title/tt0114369/,8.4796,"Taking place in a nameless city, Se7en follows the story of two homicide detectives tracking down a sadistic serial killer who chooses his victims according to the seven deadly sins. Brad Pitt stars as Detective David Mills, a hopeful but naive rookie who finds himself partnered with veteran Detective William Somerset (Morgan Freeman). Together they trace the killer's every step, witnessing the aftermath of his horrific crimes one by one as the victims pile up in rapid succession, all the while moving closer to a gruesome fate neither of them could have predicted.",Nominated for 1 Oscar. 29 wins & 44 nominations total,65.0,8.6,"$101,871,174",David Fincher,English,United States,-0.8779,0.072,0.164,0.764,0.8779,negative,30,67550.83333333333,8.64,Hidden Gem,Crime
20,The Silence of the Lambs,1991,8.6,1726667,"Crime, Drama, Horror",118,tt0102926,https://www.imdb.com/title/tt0102926/,8.4609,"F.B.I. trainee Clarice Starling (Jodie Foster) works hard to advance her career, while trying to hide or put behind her West Virginia roots, of which if some knew, would automatically classify her as being backward or white trash. After graduation, she aspires to work in the agency's Behavioral Science Unit under the leadership of Jack Crawford (Scott Glenn). While she is still a trainee, Crawford asks her to question Dr. Hannibal Lecter (Sir Anthony Hopkins), a psychiatrist imprisoned, thus far, for eight years in maximum security isolation for being a serial killer who cannibalized his victims. Clarice is able to figure out the assignment is to pick Lecter's brains to help them solve another serial murder case, that of someone coined by the media as ""Buffalo Bill"" (Ted Levine), who has so far killed five victims, all located in the eastern U.S., all young women, who are slightly overweight (especially around the hips), all who were drowned in natural bodies of water, and all who were stripped of large swaths of skin. She also figures that Crawford chose her, as a woman, to be able to trigger some emotional response from Lecter. After speaking to Lecter for the first time, she realizes that everything with him will be a psychological game, with her often having to read between the very cryptic lines he provides. She has to decide how much she will play along, as his request in return for talking to him is to expose herself emotionally to him. The case takes a more dire turn when a sixth victim is discovered, this one from who they are able to retrieve a key piece of evidence, if Lecter is being forthright as to its meaning. A potential seventh victim is high profile Catherine Martin (Brooke Smith), the daughter of Senator Ruth Martin (Diane Baker), which places greater scrutiny on the case as they search for a hopefully still alive Catherine. Who may factor into what happens is Dr. Frederick Chilton (Anthony Heald), the warden at the prison, an opportunist who sees the higher profile with Catherine, meaning a higher profile for himself if he can insert himself successfully into the proceedings.",Won 5 Oscars. 71 wins & 50 nominations total,86.0,8.6,"$130,742,922",Jonathan Demme,"English, Latin",United States,-0.9686,0.063,0.112,0.825,0.9686,negative,34,50784.32352941176,6.43,Hidden Gem,Crime
21,Saving Private Ryan,1998,8.6,1643151,"Drama, War",169,tt0120815,https://www.imdb.com/title/tt0120815/,8.4546,"Opening with the Allied invasion of Normandy on 6 June 1944, members of the 2nd Ranger Battalion under Cpt. Miller fight ashore to secure a beachhead. Amidst the fighting, two brothers are killed in action. Earlier in New Guinea, a third brother is KIA. Their mother, Mrs. Ryan, is to receive all three of the grave telegrams on the same day. The United States Army Chief of Staff, George C. Marshall, is given an opportunity to alleviate some of her grief when he learns of a fourth brother, Private James Ryan, and decides to send out 8 men (Cpt. Miller and select members from 2nd Rangers) to find him and bring him back home to his mother...",Won 5 Oscars. 79 wins & 75 nominations total,91.0,8.6,"$217,049,603",Steven Spielberg,"English, French, German, Czech",United States,-0.9236,0.059,0.149,0.792,0.9236,negative,27,60857.444444444445,7.76,Hidden Gem,Drama
22,Star Wars: Episode IV - A New Hope,1977,8.6,1572710,"Adventure, Fantasy, Sci-Fi",121,tt0076759,https://www.imdb.com/title/tt0076759/,8.4488,"The Imperial Forces, under orders from cruel Darth Vader, hold Princess Leia hostage in their efforts to quell the rebellion against the Galactic Empire. Luke Skywalker and Han Solo, captain of the Millennium Falcon, work together with the companionable droid duo R2-D2 and C-3PO to rescue the beautiful princess, help the Rebel Alliance and restore freedom and justice to the Galaxy.",Won 6 Oscars. 70 wins & 31 nominations total,90.0,8.6,"$460,998,507",George Lucas,English,United States,0.93,0.251,0.088,0.662,0.93,positive,48,32764.791666666668,4.05,Overhyped,Adventure
23,The Green Mile,1999,8.6,1564249,"Crime, Drama, Fantasy",189,tt0120689,https://www.imdb.com/title/tt0120689/,8.4481,Based on Stephen King's 1996 novel of the same name. Stars Tom Hanks as a death row corrections officer during the U.S. Great Depression who witnesses supernatural events that occur after an enigmatic inmate (Michael Clarke Duncan) is brought to his facility.,Nominated for 4 Oscars. 15 wins & 37 nominations total,61.0,8.6,"$136,801,374",Frank Darabont,"English, French",United States,-0.296,0.123,0.146,0.731,0.296,negative,26,60163.42307692308,7.67,Hidden Gem,Crime
24,Terminator 2: Judgment Day,1991,8.6,1285834,"Action, Adventure, Sci-Fi",137,tt0103064,https://www.imdb.com/title/tt0103064/,8.4196,"Over ten years have passed since the first machine called The Terminator tried to kill Sarah Connor and her unborn son, John. The man who will become the future leader of the human resistance against the Machines is now a healthy young boy. However, another Terminator, called the T-1000, is sent back through time by the self-aware computer system, Skynet. This new Terminator is more advanced and more powerful than its predecessor and its mission is to kill John Connor when he's still a child. However, Sarah and John do not have to face the threat of the T-1000 alone. Another Terminator (identical to the same model that tried and failed to kill Sarah Connor in 1984) is also sent back through time to protect them. While John teaches the Terminator about humanity, Sarah tries to prevent the creation of Skynet and the Machines.",Won 4 Oscars. 39 wins & 33 nominations total,75.0,8.6,"$205,881,154",James Cameron,"English, Spanish","United States, France",-0.9172,0.082,0.135,0.783,0.9172,negative,34,37818.64705882353,4.72,Avoid,Action
25,One Flew Over the Cuckoo's Nest,1975,8.6,1157599,Drama,133,tt0073486,https://www.imdb.com/title/tt0073486/,8.4026,"McMurphy has a criminal past and has once again gotten himself into trouble and is sentenced by the court. To escape labor duties in prison, McMurphy pleads insanity and is sent to a ward for the mentally unstable. Once here, McMurphy both endures and stands witness to the abuse and degradation of the oppressive Nurse Ratched, who gains superiority and power through the flaws of the other inmates. McMurphy and the other inmates band together to make a rebellious stance against the atrocious Nurse.",Won 5 Oscars. 38 wins & 15 nominations total,84.0,8.6,"$108,981,275",Miloš Forman,English,United States,-0.9709,0.061,0.274,0.665,0.9709,negative,50,23151.98,2.78,Avoid,Drama
26,Django Unchained,2012,8.5,1887964,"Drama, Western",165,tt1853728,https://www.imdb.com/title/tt1853728/,8.3812,"In 1858, a bounty hunter named King Schultz seeks out a slave named Django and buys him because he needs him to find some men he is looking for. After finding them, Django wants to find his wife, Broomhilda, who, along with him, was sold separately by his former owner for trying to escape. Schultz offers to help him if he chooses to stay with him and be his partner. Eventually they learn that she was sold to a plantation in Mississippi. Knowing they can't just go in and say they want her, they come up with a plan so that the owner will welcome them into his home and they can find a way.",Won 2 Oscars. 58 wins & 158 nominations total,81.0,8.5,"$162,805,434",Quentin Tarantino,"English, German, French, Italian",United States,0.7717,0.073,0.0,0.927,0.7717,positive,13,145228.0,18.89,Safe Bet,Drama
27,Gladiator,2000,8.5,1853968,"Action, Adventure, Drama",155,tt0172495,https://www.imdb.com/title/tt0172495/,8.3793,"Maximus is a powerful Roman general, loved by the people and the aging Emperor, Marcus Aurelius. Before his death, the Emperor chooses Maximus to be his heir over his own son, Commodus, and a power struggle leaves Maximus and his family condemned to death. The powerful general is captured and put into the Gladiator games until he dies. The only desire that fuels him now is the chance to rise to the top so that he will be able to look into the eyes of the man who will feel his revenge.",Won 5 Oscars. 61 wins & 105 nominations total,67.0,8.5,"$187,705,427",Ridley Scott,English,"United States, United Kingdom, Malta, Morocco",-0.34,0.141,0.145,0.714,0.34,negative,25,74158.72,9.51,Hidden Gem,Action
28,Spirited Away,2001,8.6,970141,"Adventure, Animation, Family",124,tt0245429,https://www.imdb.com/title/tt0245429/,8.371,"The fanciful adventures of a ten-year-old girl named Chihiro, who discovers a secret world when she and her family get lost and venture through a hillside tunnel. When her parents undergo a mysterious transformation, Chihiro must fend for herself as she encounters strange spirits, assorted creatures and a grumpy sorceress who seeks to prevent her from returning to the human world.",Won 1 Oscar. 58 wins & 31 nominations total,96.0,8.6,"$14,821,254",Hayao Miyazaki,"Japanese, English","Japan, United States",-0.1531,0.054,0.063,0.882,0.1531,negative,24,40422.541666666664,5.06,Safe Bet,Adventure
29,The Prestige,2006,8.5,1592725,"Drama, Mystery, Sci-Fi",130,tt0482571,https://www.imdb.com/title/tt0482571/,8.3617,"Set in London in the 1800s, two rival magicians read each others diary containing the secrets of their magic tricks and personal life. As we go back in time when the diaries were written, both magicians become obsessed with their rival's best trick. The tricks, as shown to the audience, look the same, but neither magician can figure out how his opponent does it.",Nominated for 2 Oscars. 6 wins & 44 nominations total,66.0,8.5,"$53,089,891",Christopher Nolan,English,"United Kingdom, United States",0.1655,0.039,0.074,0.887,0.1655,positive,19,83827.63157894737,10.79,Safe Bet,Drama
30,The Departed,2006,8.5,1557866,"Crime, Drama, Thriller",151,tt0407887,https://www.imdb.com/title/tt0407887/,8.3589,"In this crime-action tour de force, the South Boston state police force is waging war on Irish-American organized crime. Young undercover cop Billy Costigan is assigned to infiltrate the mob syndicate run by gangland chief Frank Costello. While Billy quickly gains Costello's confidence, Colin Sullivan, a hardened young criminal who has infiltrated the state police as an informer for the syndicate, is rising to a position of power in the Special Investigation Unit. Each man becomes deeply consumed by their double lives, gathering information about the plans and counter-plans of the operations they have penetrated. But when it becomes clear to both the mob and the police that there is a mole in their midst, Billy and Colin are suddenly in danger of being caught and exposed to the enemy - and each must race to uncover the identity of the other man in time to save themselves. But is either willing to turn on their friends and comrades they've made during their long stints undercover?",Won 4 Oscars. 100 wins & 141 nominations total,85.0,8.5,"$132,399,394",Martin Scorsese,"English, Cantonese","United States, Hong Kong",-0.0387,0.093,0.094,0.814,0.0387,neutral,19,81992.94736842105,10.55,Safe Bet,Crime
31,Back to the Future,1985,8.5,1455912,"Adventure, Comedy, Sci-Fi",116,tt0088763,https://www.imdb.com/title/tt0088763/,8.3502,"Marty McFly, a typical American teenager of the Eighties, is accidentally sent back to 1955 in a plutonium-powered DeLorean ""time machine"" invented by a slightly mad scientist. During his often hysterical, always amazing trip back in time, Marty must make sure his teenage parents-to-be meet and fall in love to get back to the future.",Won 1 Oscar. 27 wins & 25 nominations total,88.0,8.5,"$222,476,852",Robert Zemeckis,English,United States,0.7089,0.157,0.098,0.746,0.7089,positive,40,36397.8,4.53,Overhyped,Adventure
32,City of God,2002,8.6,872542,"Crime, Drama",130,tt0317248,https://www.imdb.com/title/tt0317248/,8.3501,"Brazil, 1960s, City of God. The Tender Trio robs motels and gas trucks. Younger kids watch and learn well...too well. 1970s: Li'l Zé has prospered very well and owns the city. He causes violence and fear as he wipes out rival gangs without mercy. His best friend Bené is the only one to keep him on the good side of sanity. Rocket has watched these two gain power for years, and he wants no part of it. he keeps getting swept up in the madness. All he wants to do is take pictures. 1980s: Things are out of control between the last two remaining gangs...will it ever end? Welcome to the City of God.",Nominated for 4 Oscars. 76 wins & 50 nominations total,79.0,8.6,"$7,564,459","Kátia Lund, Fernando Meirelles",Portuguese,Brazil,-0.1742,0.15,0.148,0.702,0.1742,negative,23,37936.608695652176,4.73,Avoid,Crime
33,Léon: The Professional,1994,8.5,1353187,"Action, Crime, Drama",110,tt0110413,https://www.imdb.com/title/tt0110413/,8.3403,"After her father, step-mother, step-sister and little brother are killed by her father's employers, the 12-year-old daughter of an abject drug dealer manages to take refuge in the apartment of a professional hitman who at her request teaches her the methods of his job so she can take her revenge on the corrupt DEA agent who ruined her life by killing her beloved brother.",5 wins & 16 nominations total,64.0,8.5,"$19,501,238",Luc Besson,"English, Italian, French","France, United States",-0.9159,0.043,0.195,0.762,0.9159,negative,31,43651.1935483871,5.49,Hidden Gem,Action
34,Life Is Beautiful,1997,8.6,814184,"Comedy, Drama, Romance",116,tt0118799,https://www.imdb.com/title/tt0118799/,8.3358,"In 1930s Italy, a carefree Jewish waiter-turned-bookseller named Guido starts a fairy tale life by courting and marrying a lovely woman teacher named Dora. Guido and Dora have a son named Joshua and live happily together until the forced deportation of the town's Jewish population in cattle cars. Dora, while not required to be deported, volunteers to leave with her family, and they are all forced to live in a concentration camp. In an attempt to hold his family together and help his son survive the horrors of a concentration camp, Guido imagines that the Holocaust is a game and that the grand prize for winning is a tank.",Won 3 Oscars. 72 wins & 52 nominations total,58.0,8.6,"$57,563,264",Roberto Benigni,"Italian, German, English",Italy,0.9118,0.171,0.083,0.746,0.9118,positive,28,29078.0,3.57,Overhyped,Comedy
35,American History X,1998,8.5,1275189,"Crime, Drama",119,tt0120586,https://www.imdb.com/title/tt0120586/,8.3319,"Derek Vineyard is paroled after serving 3 years in prison for brutally killing two black men who tried to break into/steal his truck. Through his 14 yr old brother's, Danny Vineyard, narration, we learn that before going to prison, Derek was a skinhead and the leader of a violent white supremacist gang that committed acts of racial crime throughout L.A. and his actions greatly influenced Danny. Reformed and fresh out of prison, Derek severs contact with the gang and becomes determined to keep Danny from going down the same violent path as he did.",Nominated for 1 Oscar. 4 wins & 15 nominations total,62.0,8.5,"$6,719,864",Tony Kaye,English,United States,-0.9758,0.069,0.247,0.684,0.9758,negative,27,47229.22222222222,5.96,Hidden Gem,Crime
36,The Lion King,1994,8.5,1261834,"Adventure, Animation, Drama",88,tt0110357,https://www.imdb.com/title/tt0110357/,8.3304,"A young lion prince is cast out of his pride by his cruel uncle, who claims he killed his father. While the uncle rules with an iron paw, the prince grows up beyond the Savannah, living by a philosophy: No worries for the rest of your days. But when his past comes to haunt him, the young prince must decide his fate: Will he remain an outcast or face his demons and become what he needs to be?",Won 2 Oscars. 43 wins & 35 nominations total,88.0,8.5,"$424,979,720","Roger Allers, Rob Minkoff","English, Swahili, Xhosa, Zulu",United States,-0.7457,0.04,0.102,0.858,0.7457,negative,31,40704.32258064516,5.1,Hidden Gem,Adventure
37,The Usual Suspects,1995,8.5,1240351,"Crime, Drama, Mystery",106,tt0114814,https://www.imdb.com/title/tt0114814/,8.3278,"Following a truck hijack in New York, five criminals are arrested and brought together for questioning. As none of them are guilty, they plan a revenge operation against the police. The operation goes well, but then the influence of a legendary mastermind criminal called Keyser Söze is felt. It becomes clear that each one of them has wronged Söze at some point and must pay back now. The payback job leaves 27 men dead in a boat explosion, but the real question arises now: Who actually is Keyser Söze?",Won 2 Oscars. 37 wins & 17 nominations total,76.0,8.5,"$23,341,568",Bryan Singer,"English, Hungarian, Spanish, French","United States, Germany",-0.9625,0.046,0.237,0.718,0.9625,negative,30,41345.03333333333,5.18,Hidden Gem,Crime
38,Parasite,2019,8.5,1169437,"Drama, Thriller",132,tt6751668,https://www.imdb.com/title/tt6751668/,8.3189,"The Kims - mother and father Chung-sook and Ki-taek, and their young adult offspring, son Ki-woo and daughter Ki-jung - are a poor family living in a shabby and cramped half basement apartment in a busy lower working class commercial district of Seoul. Without even knowing it, they, especially Mr. and Mrs. Kim, literally smell of poverty. Often as a collective, they perpetrate minor scams to get by, and even when they have jobs, they do the minimum work required. Ki-woo is the one who has dreams of getting out of poverty by one day going to university. Despite not having that university education, Ki-woo is chosen by his university student friend Min, who is leaving to go to school, to take over his tutoring job to Park Da-hye, who Min plans to date once he returns to Seoul and she herself is in university. The Parks are a wealthy family who for four years have lived in their modernistic house designed by and the former residence of famed architect Namgoong. While Mr. and Mrs. Park are all about status, Mrs. Park has a flighty, simpleminded mentality and temperament, which Min tells Ki-woo to feel comfortable in lying to her about his education to get the job. In getting the job, Ki-woo further learns that Mrs. Park is looking for an art therapist for the Parks' adolescent son, Da-song, Ki-woo quickly recommending his professional art therapist friend ""Jessica"", really Ki-jung who he knows can pull off the scam in being the easiest liar of the four Kims. In Ki-woo also falling for Da-hye, he begins to envision himself in that house, and thus the Kims as a collective start a plan for all the Kims, like Ki-jung using assumed names, to replace existing servants in the Parks' employ in orchestrating reasons for them to be fired. The most difficult to get rid of may be Moon-gwang, the Parks' housekeeper who literally came with the house - she Namgoong's housekeeper when he lived there - and thus knows all the little nooks and crannies of it better than the Parks themselves. The question then becomes how far the Kims can take this scam in their quest to become their version of the Parks.",Won 4 Oscars. 309 wins & 261 nominations total,97.0,8.5,"$53,847,897",Bong Joon Ho,"Korean, English",South Korea,-0.9466,0.056,0.093,0.851,0.9466,negative,6,194906.16666666666,25.44,Hidden Gem,Drama
39,Whiplash,2014,8.5,1159620,"Drama, Music",106,tt2582802,https://www.imdb.com/title/tt2582802/,8.3176,"Nineteen year old Andrew Niemann wants to be the greatest jazz drummer in the world, in a league with Buddy Rich. This goal is despite not coming from a pedigree of greatest, musical or otherwise, with Jim, his high school teacher father, being a failed writer. Andrew is starting his first year at Shaffer Conservatory of Music, the best music school in the United States. At Shaffer, being the best means being accepted to study under Terence Fletcher and being asked to play in his studio band, which represents the school at jazz competitions. Based on their less than positive first meeting, Andrew is surprised that Fletcher asks him to join the band, albeit in the alternate drummer position which he is more than happy to do initially. Andrew quickly learns that Fletcher operates on fear and intimidation, never settling for what he considers less than the best each and every time. Being the best in Fletcher's mind does not only entail playing well, but knowing that you're playing well and if not what you're doing wrong. His modus operandi creates an atmosphere of fear and of every man or woman for him/herself within the band. Regardless, Andrew works hard to be the best. He has to figure out his life priorities and what he is willing to sacrifice to be the best. The other question becomes how much emotional abuse he will endure by Fletcher to reach that greatness, which he may believe he can only achieve with the avenues opened up by Fletcher.",Won 3 Oscars. 100 wins & 144 nominations total,89.0,8.5,"$14,003,391",Damien Chazelle,English,United States,0.9733,0.178,0.077,0.745,0.9733,positive,11,105420.0,13.64,Safe Bet,Drama
40,Alien,1979,8.5,1065918,"Horror, Sci-Fi",117,tt0078748,https://www.imdb.com/title/tt0078748/,8.3041,"In the distant future, the commercial spaceship ""Nostromo"" crew is on its way home when the crew picks up a distress call from a distant moon. The crew must investigate, and the spaceship descends on the small planetoid afterwards. After a rough landing, three crew members leave the spaceship to explore the area on the planetoid. At the same time, the ship's computer deciphers the message. When the crew realizes it is not alone on the spaceship, they must deal with the consequences.",Won 1 Oscar. 19 wins & 22 nominations total,89.0,8.5,"$84,206,106",Ridley Scott,English,"United Kingdom, United States",-0.4329,0.02,0.053,0.927,0.4329,negative,46,23172.130434782608,2.79,Avoid,Horror
41,The Intouchables,2011,8.5,1029963,"Comedy, Drama",112,tt1675434,https://www.imdb.com/title/tt1675434/,8.2984,"Philippe, a wealthy quadriplegic, hires Driss, an ex-convict, as his caregiver. Despite cultural and social differences, the two form a deep friendship that transforms their lives. Through humor, empathy, and mutual respect, they navigate physical, emotional, and social challenges. The film explores friendship, personal growth, and human dignity, blending comedy and drama to highlight the transformative power of connection and understanding across divides.",Nominated for 1 BAFTA Award. 38 wins & 40 nominations total,57.0,8.5,"$10,198,820","Olivier Nakache, Éric Toledano","French, English",France,0.9705,0.338,0.0,0.662,0.9705,positive,14,73568.78571428571,9.43,Safe Bet,Comedy
42,The Dark Knight Rises,2012,8.4,1999364,"Crime, Thriller",164,tt1345836,https://www.imdb.com/title/tt1345836/,8.2963,"Despite his tarnished reputation after the events of The Dark Knight (2008), in which he took the rap for Dent's crimes, Batman feels compelled to intervene to assist the city and its Police force, which is struggling to cope with Bane's plans to destroy the city.",Nominated for 1 BAFTA Award. 45 wins & 103 nominations total,78.0,8.4,"$448,149,584",Christopher Nolan,"English, Arabic","United Kingdom, United States",-0.7269,0.024,0.125,0.851,0.7269,negative,13,153797.23076923078,20.02,Hidden Gem,Crime
43,The Pianist,2002,8.5,1013556,"Biography, Drama, Music",150,tt0253474,https://www.imdb.com/title/tt0253474/,8.2957,"In this adaptation of the autobiography ""The Pianist: The Extraordinary True Story of One Man's Survival in Warsaw, 1939-1945,"" Wladyslaw Szpilman, a Polish Jewish radio station pianist, sees Warsaw change gradually as World War II begins. Szpilman is forced into the Warsaw Ghetto, but is later separated from his family during Operation Reinhard. From this time until the concentration camp prisoners are released, Szpilman hides in various locations among the ruins of Warsaw.",Won 3 Oscars. 57 wins & 74 nominations total,85.0,8.5,"$32,590,750",Roman Polanski,"English, German, Russian","France, Poland, Germany, United Kingdom, United States",-0.9217,0.023,0.227,0.75,0.9217,negative,23,44067.65217391304,5.54,Hidden Gem,Biography
44,Inglourious Basterds,2009,8.4,1789196,"Drama, War",153,tt0361748,https://www.imdb.com/title/tt0361748/,8.2854,"In German-occupied France, young Jewish refugee Shosanna Dreyfus witnesses the slaughter of her family by Colonel Hans Landa. Narrowly escaping with her life, she plots her revenge several years later when German war hero Fredrick Zoller takes a rapid interest in her and arranges an illustrious movie premiere at the theater she now runs. With the promise of every major Nazi officer in attendance, the event catches the attention of the ""Basterds"", a group of Jewish-American guerrilla soldiers led by the ruthless Lt. Aldo Raine. As the relentless executioners advance and the conspiring young girl's plans are set in motion, their paths will cross for a fateful evening that will shake the very annals of history.",Won 1 Oscar. 134 wins & 173 nominations total,69.0,8.4,"$120,540,719",Quentin Tarantino,"English, German, French, Italian","United States, Germany",0.0772,0.088,0.07,0.842,0.0772,positive,16,111824.75,14.48,Safe Bet,Drama
45,Avengers: Endgame,2019,8.4,1452194,"Action, Adventure, Sci-Fi",181,tt4154796,https://www.imdb.com/title/tt4154796/,8.262,"After the devastating events of Avengers: Infinity War (2018), the universe is in ruins due to the efforts of the Mad Titan, Thanos. With the help of remaining allies, the Avengers must assemble once more in order to undo Thanos's actions and undo the chaos to the universe, no matter what consequences may be in store, and no matter who they face...",Nominated for 1 Oscar. 71 wins & 132 nominations total,78.0,8.4,"$858,373,000","Anthony Russo, Joe Russo","English, Japanese, Xhosa, German",United States,-0.9473,0.035,0.262,0.703,0.9473,negative,6,242032.33333333334,31.66,Hidden Gem,Action
46,Memento,2000,8.4,1437184,"Mystery, Thriller",113,tt0209144,https://www.imdb.com/title/tt0209144/,8.2608,"Memento chronicles two separate stories of Leonard, an ex-insurance investigator who can no longer build new memories, as he attempts to find the murderer of his wife, which is the last thing he remembers. One story line moves forward in time while the other tells the story backwards revealing more each time.",Nominated for 2 Oscars. 57 wins & 59 nominations total,83.0,8.4,"$25,544,867",Christopher Nolan,English,United States,-0.7783,0.0,0.12,0.88,0.7783,negative,25,57487.36,7.31,Hidden Gem,Mystery
47,Avengers: Infinity War,2018,8.4,1377068,"Action, Adventure, Sci-Fi",149,tt4154756,https://www.imdb.com/title/tt4154756/,8.2554,"As the Avengers and their allies have continued to protect the world from threats too large for any one hero to handle, a new danger has emerged from the cosmic shadows: Thanos. A despot of intergalactic infamy, his goal is to collect all six Infinity Stones, artifacts of unimaginable power, and use them to inflict his twisted will on all of reality. Everything the Avengers have fought for has led up to this moment, the fate of Earth and existence has never been more uncertain.",Nominated for 1 Oscar. 48 wins & 80 nominations total,68.0,8.4,"$678,815,482","Anthony Russo, Joe Russo",English,"United States, Norway",-0.0503,0.087,0.089,0.825,0.0503,negative,7,196724.0,25.68,Safe Bet,Action
48,WALL·E,2008,8.4,1324519,"Adventure, Animation, Family",98,tt0910970,https://www.imdb.com/title/tt0910970/,8.2505,"In a distant, but not so unrealistic, future where mankind has abandoned earth because it has become covered with trash from products sold by the powerful multi-national Buy N Large corporation, WALL-E, a garbage collecting robot has been left to clean up the mess. Mesmerized with trinkets of Earth's history and show tunes, WALL-E is alone on Earth except for a sprightly pet cockroach. One day, EVE, a sleek (and dangerous) reconnaissance robot, is sent to Earth to find proof that life is once again sustainable. WALL-E falls in love with EVE. WALL-E rescues EVE from a dust storm and shows her a living plant he found amongst the rubble. Consistent with her ""directive"", EVE takes the plant and automatically enters a deactivated state except for a blinking green beacon. WALL-E, doesn't understand what has happened to his new friend, but, true to his love, he protects her from wind, rain, and lightning, even as she is unresponsive. One day a massive ship comes to reclaim EVE, but WALL-E, out of love or loneliness, hitches a ride on the outside of the ship to rescue EVE. The ship arrives back at a large space cruise ship, which is carrying all of the humans who evacuated Earth 700 years earlier. The people of Earth ride around this space resort on hovering chairs which give them a constant feed of TV and video chatting. They drink all of their meals through a straw out of laziness and/or bone loss, and are all so fat that they can barely move. When the auto-pilot computer, acting on hastily-given instructions sent many centuries before, tries to prevent the people of Earth from returning by stealing the plant, WALL-E, EVE, the portly captain, and a band of broken robots stage a mutiny.",Won 1 Oscar. 96 wins & 95 nominations total,95.0,8.4,"$223,808,164",Andrew Stanton,English,"United States, Japan",0.9657,0.136,0.084,0.78,0.9657,positive,17,77912.88235294117,10.01,Safe Bet,Adventure
49,Psycho,1960,8.5,786696,"Drama, Horror, Mystery",109,tt0054215,https://www.imdb.com/title/tt0054215/,8.2487,"Phoenix office worker Marion Crane is fed up with the way life has treated her. She has to meet her lover Sam in lunch breaks, and they cannot get married because Sam has to give most of his money away in alimony. One Friday, Marion is trusted to bank forty thousand dollars by her employer. Seeing the opportunity to take the money and start a new life, Marion leaves town and heads towards Sam's California store. Tired after the long drive and caught in a storm, she gets off the main highway and pulls into the Bates Motel. The motel is managed by a quiet young man called Norman who seems to be dominated by his mother.",Nominated for 4 Oscars. 8 wins & 14 nominations total,97.0,8.5,"$32,181,230",Alfred Hitchcock,English,United States,0.7783,0.077,0.023,0.9,0.7783,positive,65,12103.015384615384,1.33,Overhyped,Drama
50,It's a Wonderful Life,1946,8.6,554461,"Drama, Family, Fantasy",130,tt0038650,https://www.imdb.com/title/tt0038650/,8.2448,"George Bailey has spent his entire life giving of himself to the people of Bedford Falls. He has always longed to travel but never had the opportunity in order to prevent rich skinflint Mr. Potter from taking over the entire town. All that prevents him from doing so is George's modest building and loan company, which was founded by his generous father. But on Christmas Eve, George's Uncle Billy loses the business's $8,000 while intending to deposit it in the bank. Potter finds the misplaced money and hides it from Billy. When the bank examiner discovers the shortage later that night, George realizes that he will be held responsible and sent to jail and the company will collapse, finally allowing Potter to take over the town. Thinking of his wife, their young children, and others he loves will be better off with him dead, he contemplates suicide. But the prayers of his loved ones result in a gentle angel named Clarence coming to earth to help George, with the promise of earning his wings. He shows George what things would have been like if he had never been born.",Nominated for 5 Oscars. 11 wins & 7 nominations total,89.0,8.6,"$1,483,643",Frank Capra,"English, French",United States,0.9473,0.185,0.112,0.703,0.9473,positive,79,7018.493670886076,0.65,Overhyped,Drama
51,The Shining,1980,8.4,1228532,"Drama, Horror",146,tt0081505,https://www.imdb.com/title/tt0081505/,8.2404,"Haunted by a persistent writer's block, the aspiring author and recovering alcoholic, Jack Torrance, drags his wife, Wendy, and his gifted son, Danny, up snow-capped Colorado's secluded Overlook Hotel after taking up a job as an off-season caretaker. As the cavernous hotel shuts down for the season, the manager gives Jack a grand tour, and the facility's chef, the ageing Mr Hallorann, has a fascinating chat with Danny about a rare psychic gift called ""The Shining"", making sure to warn him about the hotel's abandoned rooms, and, in particular, the off-limits Room 237. However, instead of overcoming the dismal creative rut, little by little, Jack starts losing his mind, trapped in an unforgiving environment of seemingly endless snowstorms, and a gargantuan silent prison riddled with strange occurrences and eerie visions. Now, the incessant voices inside Jack's head demand sacrifice. Is Jack capable of murder?",6 wins & 9 nominations total,68.0,8.4,"$47,194,352",Stanley Kubrick,English,"United Kingdom, United States",-0.9386,0.107,0.199,0.694,0.9386,negative,45,27300.71111111111,3.33,Avoid,Drama
52,Good Will Hunting,1997,8.4,1221429,"Drama, Romance",126,tt0119217,https://www.imdb.com/title/tt0119217/,8.2396,"A touching tale of a wayward young man who struggles to find his identity, living in a world where he can solve any problem, except the one brewing deep within himself, until one day he meets his soul mate who opens his mind and his heart.",Won 2 Oscars. 25 wins & 61 nominations total,71.0,8.4,"$138,433,435",Gus Van Sant,English,United States,0.2023,0.113,0.098,0.789,0.2023,positive,28,43622.46428571428,5.48,Safe Bet,Drama
53,Raiders of the Lost Ark,1981,8.4,1111216,Adventure,115,tt0082971,https://www.imdb.com/title/tt0082971/,8.2261,"The year is 1936. An archeology professor named Indiana Jones is venturing in the jungles of South America searching for a golden statue. Unfortunately, he sets off a deadly trap but miraculously escapes. Then, Jones hears from a museum curator named Marcus Brody about a biblical artifact called The Ark of the Covenant, which can hold the key to human existence. Jones has to venture to vast places such as Nepal and Egypt to find this artifact. However, he will have to fight his enemy Rene Belloq and a band of Nazis in order to reach it.",Won 4 Oscars. 41 wins & 24 nominations total,86.0,8.4,"$248,159,971",Steven Spielberg,"English, German, Spanish, Nepali, Hebrew, Arabic",United States,-0.8625,0.028,0.109,0.863,0.8625,negative,44,25254.909090909092,3.06,Avoid,Adventure
54,Casablanca,1942,8.5,655476,"Drama, Romance, War",102,tt0034583,https://www.imdb.com/title/tt0034583/,8.2101,"The story of Rick Blaine, a cynical world-weary ex-patriate who runs a nightclub in Casablanca, Morocco during the early stages of WWII. Despite the pressure he constantly receives from the local authorities, Rick's cafe has become a kind of haven for refugees seeking to obtain illicit letters that will help them escape to America. But when Ilsa, a former lover of Rick's, and her husband, show up to his cafe one day, Rick faces a tough challenge which will bring up unforeseen complications, heartbreak and ultimately an excruciating decision to make.",Won 3 Oscars. 18 wins & 12 nominations total,100.0,8.5,"$4,219,709",Michael Curtiz,"English, French, German, Italian, Russian",United States,-0.7396,0.105,0.135,0.76,0.7396,negative,83,7897.301204819277,0.77,Avoid,Drama
55,Joker,2019,8.3,1698946,Drama,122,tt7286456,https://www.imdb.com/title/tt7286456/,8.1905,"A socially inept clown for hire - Arthur Fleck aspires to be a stand up comedian among his small job working dressed as a clown holding a sign for advertising. He takes care of his mother, Penny Fleck, and as he learns more about his mental illness, he learns more about his past. Dealing with all the negativity and bullying from society, he heads downwards on a spiral, in turn showing how his alter ego, ""Joker,"" came to be.",Won 2 Oscars. 120 wins & 247 nominations total,59.0,8.3,"$335,477,657",Todd Phillips,"English, German","United States, Canada, Australia",-0.5574,0.081,0.11,0.809,0.5574,negative,6,283157.6666666667,37.09,Hidden Gem,Drama
56,The Kashmir Files,2022,8.5,579131,Drama,170,tt10811166,https://www.imdb.com/title/tt10811166/,8.1817,"The story revolves around Krishna Pandit (Darshan Kumar), a JNU student, who thinks his parents were killed in an accident as told by his grandfather, Pushkar Nath (Anupam Kher). But the truth is more depressing. He is caught in the middle of two opposing narratives of the Kashmiri Pandit exodus of 1990. One side is represented by the pro-Azaadi JNU professor (Pallavi Joshi) who is gaining a lot of support on the campus for her Kashmir cause. On the other side is Nath, who has been struggling for 30 years to get justice for the exodus, which the professor claims is a sham. After Pushkar Naths death, Krishna goes back to Kashmir to fulfil his last wishes and also meets four of Naths friends, a journalist, a doctor, a former police officer, and a retired civil servant. They are shocked to know that Krishna didnt know the true story of his fathers death. The Kashmir Files then becomes a journey of discovering the truth for Krishna. In one among many traumatic scenes, Krishnas father, hiding in a container of rice, is killed by a local terrorist. His mother is forced to eat the blood-soaked rice from the same container.",12 wins & 27 nominations,,8.6,"$1,485,000",Vivek Agnihotri,Hindi,India,-0.9871,0.093,0.209,0.698,0.9871,negative,3,193043.66666666666,25.2,Hidden Gem,Drama
57,Aliens,1986,8.4,840974,"Action, Adventure, Horror",137,tt0090605,https://www.imdb.com/title/tt0090605/,8.181,"57 years after Ellen Ripley had a close encounter with the reptilian alien creature from the first movie, she is called back, this time, to help a group of highly trained colonial marines fight off against the sinister extraterrestrials. But this time, the aliens have taken over a space colony on the moon LV-426. When the colonial marines are called upon to search the deserted space colony, they later find out that they are up against more than what they bargained for. Using specially modified machine guns and enough firepower, it's either fight or die as the space marines battle against the aliens.",Won 2 Oscars. 20 wins & 25 nominations total,84.0,8.4,"$85,160,248",James Cameron,"English, Spanish","United Kingdom, United States",-0.9387,0.016,0.142,0.842,0.9387,negative,39,21563.4358974359,2.57,Avoid,Action
58,Spider-Man: Into the Spider-Verse,2018,8.4,793137,"Action, Adventure, Animation",117,tt4633694,https://www.imdb.com/title/tt4633694/,8.1704,"Phil Lord and Christopher Miller, the creative minds behind The Lego Movie and 21 Jump Street, bring their unique talents to a fresh vision of a different Spider-Man Universe, with a groundbreaking visual style that's the first of its kind. ""Spider-Man(TM): Into the Spider-Verse"" introduces Brooklyn teen Miles Morales (Shameik Moore), and the limitless possibilities of the Spider-Verse, where more than one can wear the mask.",Won 1 Oscar. 85 wins & 60 nominations total,87.0,8.4,"$190,241,310","Bob Persichetti, Peter Ramsey, Rodney Rothman","English, Spanish","Canada, United States",0.9118,0.182,0.0,0.818,0.9118,positive,7,113305.28571428571,14.68,Safe Bet,Action
59,Apocalypse Now,1979,8.4,771565,"Drama, Mystery, War",147,tt0078788,https://www.imdb.com/title/tt0078788/,8.1654,"It is the height of the war in Vietnam, and U.S. Army Captain Willard is sent by Colonel Lucas and a General to carry out a mission that, officially, 'does not exist - nor will it ever exist'. The mission: To seek out a mysterious Green Beret Colonel, Walter Kurtz, whose army has crossed the border into Cambodia and is conducting hit-and-run missions against the Viet Cong and NVA. The army believes Kurtz has gone completely insane and Willard's job is to eliminate him. Willard, sent up the Nung River on a U.S. Navy patrol boat, discovers that his target is one of the most decorated officers in the U.S. Army. His crew meets up with surfer-type Lt-Colonel Kilgore, head of a U.S Army helicopter cavalry group which eliminates a Viet Cong outpost to provide an entry point into the Nung River. After some hair-raising encounters, in which some of his crew are killed, Willard, Lance and Chef reach Colonel Kurtz's outpost, beyond the Do Lung Bridge. Now, after becoming prisoners of Kurtz, will Willard & the others be able to fulfill their mission?",Won 2 Oscars. 21 wins & 33 nominations total,94.0,8.4,"$96,074,376",Francis Ford Coppola,"English, French, Vietnamese",United States,-0.9134,0.02,0.075,0.905,0.9134,negative,46,16773.152173913044,1.94,Avoid,Drama
60,Dune: Part Two,2024,8.4,760010,"Action, Adventure, Drama",166,tt15239678,https://www.imdb.com/title/tt15239678/,8.1625,"Paul Atreides unites with Chani and the Fremen while on a warpath of revenge against the conspirators who destroyed his family. Facing a choice between the love of his life and the fate of the known universe, he endeavors to prevent a terrible future only he can foresee.",Won 2 Oscars. 125 wins & 376 nominations total,79.0,8.4,"$282,144,358",Denis Villeneuve,English,"United States, Canada, United Arab Emirates, Hungary, Italy, New Zealand, Jordan, Gambia",-0.6597,0.091,0.167,0.741,0.6597,negative,1,760010.0,100.0,Hidden Gem,Action
61,Spider-Man: Across the Spider-Verse,2023,8.5,528798,"Action, Adventure, Animation",140,tt9362722,https://www.imdb.com/title/tt9362722/,8.1597,"Miles Morales returns for the next chapter of the Oscar®-winning Spider-Verse saga, an epic adventure that will transport Brooklyn's full-time, friendly neighborhood Spider-Man across the Multiverse to join forces with Gwen Stacy and a new team of Spider-People to face off with a villain more powerful than anything they have ever encountered.",Nominated for 1 Oscar. 107 wins & 164 nominations total,86.0,8.5,"$381,593,754","Joaquim Dos Santos, Kemp Powers, Justin K. Thompson",English,United States,0.7346,0.173,0.058,0.769,0.7346,positive,2,264399.0,34.61,Safe Bet,Action
62,American Beauty,1999,8.3,1280321,Drama,122,tt0169547,https://www.imdb.com/title/tt0169547/,8.1595,"After his death sometime in his 43rd year, suburbanite Lester Burnham tells of the last few weeks of his life, during which he had no idea of his imminent passing. He is a husband to real estate agent Carolyn Burnham and father to high school student Jane Burnham. Although Lester and Carolyn once loved each other, they now merely tolerate each other. Typical wallflower Jane also hates both her parents; the three suffer individually in silence in their home life. Jane tries to steer clear of both her parents. Carolyn, relatively new to the real estate business, wants to create the persona of success to further her career, aspiring to the professional life of Buddy Kane, the king of the real estate business in their neighborhood. Lester merely walks mindlessly through life, including at his job in advertising. His company is downsizing, and he, like all the other employees, has to justify his position to the newly hired efficiency expert to keep his job. Things change for Lester when he falls in love at first sight with Jane's more experienced classmate, Angela Hayes. Both Janie and Angela can see Lester's sexual infatuation with Angela, who courts such attention from any man as a sign that she is model material, she having once appeared in Seventeen and is a career to which she aspires. Lester's infatuation with Angela gives him a reenergized view on life, where he openly doesn't care anymore what anyone thinks about what he does, anyone except Angela. This infatuation coincides with the Fittses moving in next door: homophobic disciplinarian US Marine Colonel Frank Fitts who rules the house with a military fist (that fist being both figurative and literal), his semi-comatose wife Barbara Fitts, and their bright and quietly subversive 18-year-old son Ricky Fitts, who openly abides by his father's rules while behind the scenes lives by his own quite different perspective. Much like Lester's infatuation, Ricky immediately becomes infatuated with Jane; he considers girls like Angela as ordinary. The entry of Angela and the Fittses into the Burnhams' lives ultimately leads to each of the players confronting what is truly in his or her heart.",Won 5 Oscars. 112 wins & 102 nominations total,84.0,8.3,"$130,096,601",Sam Mendes,English,United States,0.9706,0.111,0.047,0.842,0.9706,positive,26,49243.11538461538,6.23,Safe Bet,Drama
63,Up,2009,8.3,1239279,"Adventure, Animation, Comedy",96,tt1049413,https://www.imdb.com/title/tt1049413/,8.1555,"As a boy, Carl Fredricksen wanted to explore South America and find the forbidden Paradise Falls. About 64 years later he gets to begin his journey along with Boy Scout Russell by lifting his house with thousands of balloons. On their journey, they make many new friends including a talking dog, and figure out that someone has evil plans. Carl soon realizes that this evildoer is his childhood idol.",Won 2 Oscars. 81 wins & 88 nominations total,88.0,8.3,"$293,004,164","Pete Docter, Bob Peterson",English,United States,-0.698,0.088,0.145,0.768,0.698,negative,16,77454.9375,9.95,Hidden Gem,Adventure
64,Seven Samurai,1954,8.6,402263,"Action, Drama",207,tt0047478,https://www.imdb.com/title/tt0047478/,8.1551,"A veteran samurai, who has fallen on hard times, answers a village's request for protection from bandits. He gathers 6 other samurai to help him, and they teach the townspeople how to defend themselves, and they supply the samurai with three small meals a day. The film culminates in a giant battle when 40 bandits attack the village.",Nominated for 2 Oscars. 5 wins & 9 nominations total,98.0,8.6,"$820,278",Akira Kurosawa,Japanese,Japan,-0.7096,0.041,0.147,0.812,0.7096,negative,71,5665.6760563380285,0.48,Avoid,Action
65,Star Wars: Episode VI - Return of the Jedi,1983,8.3,1211842,"Adventure, Fantasy, Sci-Fi",131,tt0086190,https://www.imdb.com/title/tt0086190/,8.1527,"Luke Skywalker battles Jabba the Hutt and Darth Vader to save his comrades in the Rebel Alliance and triumph over the Galactic Empire. Han Solo and Princess Leia reaffirm their love, and team with Chewbacca, Lando Calrissian, the Ewoks, and droids C-3PO and R2-D2 to aid in the disruption of the Dark Side, and the defeat of the evil emperor.",Nominated for 4 Oscars. 25 wins & 23 nominations total,58.0,8.3,"$316,566,101",Richard Marquand,"English, Kikuyu, Tagalog, Kalmyk-Oirat, Quechua, Polish",United States,-0.3818,0.137,0.184,0.679,0.3818,negative,42,28853.380952380954,3.54,Avoid,Adventure
66,Eternal Sunshine of the Spotless Mind,2004,8.3,1184099,"Drama, Romance, Sci-Fi",108,tt0338013,https://www.imdb.com/title/tt0338013/,8.1497,"Much to his surprise, timid Joel Barish is shocked to discover that the love of his life, sparky Clementine, has had him erased from her memory. To pay her back in the same coin, poor Joel summons up the courage to undergo a painless but intricate medical procedure to do the same, utterly unaware that darkness is an essential part of the light. Now, as hurt and angry Joel's ugly recollections of Clementine gradually fade away, giving way to a soulless black void, suddenly, he begins having second thoughts, toying with the idea of stopping the irreversible process. In the end, is ignorance really bliss?",Won 1 Oscar. 73 wins & 111 nominations total,89.0,8.3,"$34,400,301",Michel Gondry,English,United States,-0.9331,0.13,0.24,0.63,0.9331,negative,21,56385.666666666664,7.17,Hidden Gem,Drama
67,Coco,2017,8.4,710626,"Adventure, Animation, Drama",105,tt2380307,https://www.imdb.com/title/tt2380307/,8.1496,"Despite his family's baffling generations-old ban on music, Miguel dreams of becoming an accomplished musician like his idol, Ernesto de la Cruz. Desperate to prove his talent, Miguel finds himself in the stunning and colorful Land of the Dead following a mysterious chain of events. Along the way, he meets charming trickster Hector, and together, they set off on an extraordinary journey to unlock the real story behind Miguel's family history.",Won 2 Oscars. 113 wins & 42 nominations total,81.0,8.4,"$210,460,015","Adrian Molina, Lee Unkrich","English, Spanish","United States, Mexico",0.6369,0.191,0.134,0.675,0.6369,positive,8,88828.25,11.45,Safe Bet,Adventure
68,Toy Story,1995,8.3,1176535,"Adventure, Animation, Comedy",81,tt0114709,https://www.imdb.com/title/tt0114709/,8.1489,"A little boy named Andy loves to be in his room, playing with his toys, especially his doll named ""Woody"". But, what do the toys do when Andy is not with them, they come to life. Woody believes that his life (as a toy) is good. However, he must worry about Andy's family moving, and what Woody does not know is about Andy's birthday party. Woody does not realize that Andy's mother gave him an action figure known as Buzz Lightyear, who does not believe that he is a toy, and quickly becomes Andy's new favorite toy. Woody, who is now consumed with jealousy, tries to get rid of Buzz. Then, both Woody and Buzz are now lost. They must find a way to get back to Andy before he moves without them, but they will have to pass through a ruthless toy killer, Sid Phillips.",Nominated for 3 Oscars. 29 wins & 24 nominations total,96.0,8.3,"$229,947,062",John Lasseter,English,United States,-0.3716,0.09,0.094,0.816,0.3716,negative,30,39217.833333333336,4.9,Hidden Gem,Adventure
69,Reservoir Dogs,1992,8.3,1171345,"Crime, Thriller",99,tt0105236,https://www.imdb.com/title/tt0105236/,8.1483,"Six thugs, who are strangers to each other, are hired by a crime boss, Joe Cabot, to carry out a diamond robbery. Right at the outset, they are given false names with the intention that they won't get too close and will concentrate on the job instead. They are completely sure that the robbery is going to be a success. But, when the police show up right at the time and the site of the robbery, panic spreads amongst the group members, and two of them are killed in the subsequent shootout, along with a few policemen and civilians. When the remaining people assemble at the premeditated rendezvous point (a warehouse), they begin to suspect that one of them is an undercover cop.",13 wins & 23 nominations total,81.0,8.3,"$2,832,029",Quentin Tarantino,English,United States,-0.917,0.042,0.114,0.843,0.917,negative,33,35495.30303030303,4.41,Avoid,Crime
70,Braveheart,1995,8.3,1162896,"Drama, War",178,tt0112573,https://www.imdb.com/title/tt0112573/,8.1474,"William Wallace is a Scottish rebel who leads an uprising against the cruel English ruler Edward the Longshanks, who wishes to inherit the crown of Scotland for himself. When he was a young boy, William Wallace's father and brother, along with many others, lost their lives trying to free Scotland. Once he loses another of his loved ones, William Wallace begins his long quest to make Scotland free once and for all, along with the assistance of Robert the Bruce.",Won 5 Oscars. 34 wins & 34 nominations total,68.0,8.3,"$75,609,945",Mel Gibson,"English, French, Latin, Gaelic, Italian",United States,0.4767,0.129,0.106,0.765,0.4767,positive,30,38763.2,4.84,Overhyped,Drama
71,Scarface,1983,8.3,1018941,"Crime, Drama",170,tt0086250,https://www.imdb.com/title/tt0086250/,8.1294,"Tony Montana manages to leave Cuba during the Mariel exodus of 1980. He finds himself in a Florida refugee camp but his friend Manny has a way out for them: undertake a contract killing and arrangements will be made to get a green card. He's soon working for drug dealer Frank Lopez and shows his mettle when a deal with Colombian drug dealers goes bad. He also brings a new level of violence to Miami. Tony is protective of his younger sister but his mother knows what he does for a living and disowns him. Tony is impatient and wants it all however, including Frank's empire and his mistress Elvira Hancock. Once at the top however, Tony's outrageous actions make him a target and everything comes crumbling down.",8 nominations total,65.0,8.3,"$45,967,303",Brian De Palma,"English, Spanish",United States,-0.9633,0.043,0.162,0.795,0.9633,negative,42,24260.5,2.93,Avoid,Crime
72,Requiem for a Dream,2000,8.3,975394,Drama,102,tt0180093,https://www.imdb.com/title/tt0180093/,8.1231,"Sara Goldfarb (Ellen Burstyn) is a retired widow, living in a small apartment. She spends most of her time watching TV, especially a particular self-help show. She has delusions of rising above her current dull existence by being a guest on that show. Her son, Harry (Jared Leto) is a junkie but along with his friend Tyrone (Marlon Wayans) has visions of making it big by becoming a drug dealer. Harry's girlfriend Marion (Jennifer Connelly) could be fashion designer or artist but is swept along in Harry's drug-centric world. Meanwhile Sara has developed an addiction of her own. She desperately wants to lose weight and so goes on a crash course involving popping pills, pills which turn out to be very addictive and harmful to her mental state.",Nominated for 1 Oscar. 37 wins & 69 nominations total,71.0,8.3,"$3,635,482",Darren Aronofsky,English,United States,-0.6908,0.047,0.088,0.865,0.6908,negative,25,39015.76,4.88,Avoid,Drama
73,Toy Story 3,2010,8.3,972498,"Adventure, Animation, Comedy",103,tt0435761,https://www.imdb.com/title/tt0435761/,8.1226,"Woody, Buzz and the whole gang are back. As their owner Andy prepares to depart for college, his loyal toys find themselves in daycare where untamed tots with their sticky little fingers do not play nice. So, it's all for one and one for all as they join Barbie's counterpart Ken, a thespian hedgehog named Mr. Pricklepants and a pink, strawberry-scented teddy bear called Lots-o'-Huggin' Bear to plan their great escape.",Won 2 Oscars. 63 wins & 96 nominations total,92.0,8.3,"$415,004,880",Lee Unkrich,"English, Spanish",United States,0.7738,0.138,0.054,0.808,0.7738,positive,15,64833.2,8.28,Safe Bet,Adventure
74,The Wolf of Wall Street,2013,8.2,1794621,"Biography, Comedy, Crime",180,tt0993846,https://www.imdb.com/title/tt0993846/,8.1058,"Jordan Belfort (DiCaprio) is Long Island penny stockbroker who serves almost two years in prison for refusing to co-operate in a huge 1990s securities fraud case that involved widespread corruption on Wall Street and in the corporate banking world, including mob infiltration.",Nominated for 5 Oscars. 38 wins & 180 nominations total,75.0,8.2,"$116,900,694",Martin Scorsese,"English, French",United States,-0.743,0.088,0.191,0.721,0.743,negative,12,149551.75,19.46,Hidden Gem,Biography
75,Rear Window,1954,8.4,569018,"Drama, Mystery, Thriller",112,tt0047396,https://www.imdb.com/title/tt0047396/,8.1035,"Professional photographer L.B. ""Jeff"" Jefferies breaks his leg while getting an action shot at an auto race. Confined to his New York apartment, he spends his time looking out of the rear window observing the neighbors. He begins to suspect that a man across the courtyard may have murdered his wife. Jeff enlists the help of his high society fashion-consultant girlfriend Lisa Fremont and his visiting nurse Stella to investigate.",Nominated for 4 Oscars. 7 wins & 14 nominations total,100.0,8.5,"$37,622,343",Alfred Hitchcock,English,United States,-0.5994,0.035,0.087,0.878,0.5994,negative,71,8014.338028169014,0.79,Avoid,Drama
76,Batman Begins,2005,8.2,1718778,Crime,140,tt0372784,https://www.imdb.com/title/tt0372784/,8.102,"When his parents are killed, billionaire playboy Bruce Wayne relocates to Asia, where he is mentored by Henri Ducard and Ra's Al Ghul in how to fight evil. When learning about the plan to wipe out evil in Gotham City by Ducard, Bruce prevents this plan from getting any further and heads back to his home. Back in his original surroundings, Bruce adopts the image of a bat to strike fear into the criminals and the corrupt as the icon known as ""Batman"". But it doesn't stay quiet for long.",Nominated for 1 Oscar. 15 wins & 79 nominations total,70.0,8.2,"$206,863,479",Christopher Nolan,"English, Mandarin","United States, United Kingdom",-0.8885,0.042,0.157,0.802,0.8885,negative,20,85938.9,11.07,Hidden Gem,Crime
77,Amélie,2001,8.3,841031,"Comedy, Romance",122,tt0211915,https://www.imdb.com/title/tt0211915/,8.1002,"Young Amélie Poulain works in a Paris café, lives alone, and surreptitiously helps people. Whether it's secretly returning the childhood treasures of a middle-aged man or matchmaking for the lovelorn, Amélie gives fate a helping hand. Her world takes a new, exciting turn when she meets Nino.",Nominated for 5 Oscars. 60 wins & 74 nominations total,70.0,8.3,"$33,712,444",Jean-Pierre Jeunet,"French, Russian, English","France, Germany",0.9001,0.246,0.035,0.719,0.9001,positive,24,35042.958333333336,4.35,Overhyped,Comedy
78,Shutter Island,2010,8.2,1654028,"Drama, Mystery, Thriller",138,tt1130884,https://www.imdb.com/title/tt1130884/,8.0986,"In 1954, up-and-coming U.S. marshal Teddy Daniels is assigned to investigate the disappearance of a patient from Boston's Shutter Island Ashecliffe Hospital. He's been pushing for an assignment on the island for personal reasons, but before long he thinks he's been brought there as part of a twisted plot by hospital doctors whose radical treatments range from unethical to illegal to downright sinister. Teddy's shrewd investigating skills soon provide a promising lead, but the hospital refuses him access to records he suspects would break the case wide open. As a hurricane cuts off communication with the mainland, more dangerous criminals ""escape"" in the confusion, and the puzzling, improbable clues multiply, Teddy begins to doubt everything - his memory, his partner, even his own sanity.",11 wins & 66 nominations total,63.0,8.2,"$128,012,934",Martin Scorsese,"English, German","Canada, United States",-0.9869,0.039,0.236,0.726,0.9869,negative,15,110268.53333333334,14.28,Hidden Gem,Drama
79,Heat,1995,8.3,806006,"Action, Crime, Drama",170,tt0113277,https://www.imdb.com/title/tt0113277/,8.0933,"Hunters and their prey--Neil and his professional criminal crew hunt to score big money targets (banks, vaults, armored cars) and are, in turn, hunted by Lt. Vincent Hanna and his team of cops in the Robbery/Homicide police division. A botched job puts Hanna onto their trail while they regroup and try to put together one last big 'retirement' score. Neil and Vincent are similar in many ways, including their troubled personal lives. At a crucial moment in his life, Neil disobeys the dictum taught to him long ago by his criminal mentor--'Never have anything in your life that you can't walk out on in thirty seconds flat, if you spot the heat coming around the corner'--as he falls in love. Thus the stage is set for the suspenseful ending....",15 nominations total,76.0,8.3,"$67,436,818",Michael Mann,"English, Spanish",United States,-0.6808,0.03,0.071,0.899,0.6808,negative,30,26866.866666666665,3.27,Avoid,Action
80,2001: A Space Odyssey,1968,8.3,784421,"Adventure, Sci-Fi",149,tt0062622,https://www.imdb.com/title/tt0062622/,8.0887,"""2001"" is a story of evolution. Sometime in the distant past, someone or something nudged evolution by placing a monolith on Earth (presumably elsewhere throughout the universe as well). Evolution then enabled humankind to reach the moon's surface, where yet another monolith is found, one that signals the monolith placers that humankind has evolved that far. Now a race begins between computers (HAL) and human (Bowman) to reach the monolith placers. The winner will achieve the next step in evolution, whatever that may be.",Won 1 Oscar. 18 wins & 14 nominations total,84.0,8.3,"$60,481,243",Stanley Kubrick,"English, Russian, French","United Kingdom, United States",0.7269,0.092,0.0,0.908,0.7269,positive,57,13761.771929824561,1.54,Overhyped,Adventure
81,The Truman Show,1998,8.2,1378371,"Comedy, Drama",103,tt0120382,https://www.imdb.com/title/tt0120382/,8.0809,"Since birth, a big fat lie defines the well-organised but humdrum life of the kind-hearted insurance salesman and ambitious explorer, Truman Burbank. Utterly unaware of the thousands of cleverly hidden cameras watching his every move, for nearly three decades, Truman's entire existence pivots around the will and the wild imagination of the ruthlessly manipulative television producer, Christof--the all-powerful TV-God of an extreme 24/7 reality show: The Truman Show. As a result, Truman's picturesque neighbourhood with the manicured lawns and the uncannily perfect residents is nothing but an elaborate state-of-the-art set, and the only truth he knows is what the worldwide television network and its deep financial interests dictate. Do lab rats know they are forever imprisoned?",Nominated for 3 Oscars. 42 wins & 69 nominations total,90.0,8.2,"$125,618,201",Peter Weir,English,United States,0.9506,0.164,0.048,0.788,0.9506,positive,27,51050.77777777778,6.46,Safe Bet,Comedy
82,Grave of the Fireflies,1988,8.5,387334,"Animation, Drama, War",88,tt0095327,https://www.imdb.com/title/tt0095327/,8.0778,"The story of Seita and Setsuko, two young Japanese siblings, living in the declining days of World War II. When an American firebombing separates the two children from their parents, the two siblings must rely completely on one another while they struggle to fight for their survival.",3 wins total,94.0,8.5,"$516,962",Isao Takahata,Japanese,Japan,-0.8316,0.0,0.167,0.833,0.8316,negative,37,10468.486486486487,1.11,Avoid,Animation
83,Once Upon a Time in the West,1968,8.5,384626,"Drama, Western",145,tt0064116,https://www.imdb.com/title/tt0064116/,8.0758,"Story of a young woman, Mrs. McBain, who moves from New Orleans to frontier Utah, on the very edge of the American West. She arrives to find her new husband and family slaughtered, but by whom? The prime suspect, coffee-lover Cheyenne, befriends her and offers to go after the real killer, assassin gang leader Frank, in her honor. He is accompanied by Harmonica, a man already on a quest to get even.",6 wins & 5 nominations total,82.0,8.5,"$5,321,508",Sergio Leone,"English, Spanish, Italian","Italy, United States",-0.5499,0.075,0.105,0.82,0.5499,negative,57,6747.824561403509,0.62,Avoid,Drama
84,Kill Bill: Vol. 1,2003,8.2,1309854,"Action, Crime, Thriller",111,tt0266697,https://www.imdb.com/title/tt0266697/,8.0755,"Four years after taking a bullet in the head at her own wedding, The Bride emerges from a coma and decides it's time for payback... with a vengeance. Having been gunned down by her former boss Bill and his deadly squad of international assassins, it's a kill-or-be-killed fight she didn't start, but is determined to finish.",Nominated for 5 BAFTA Awards. 30 wins & 103 nominations total,69.0,8.2,"$70,099,045",Quentin Tarantino,"English, Japanese, French",United States,0.3182,0.053,0.031,0.917,0.3182,positive,22,59538.818181818184,7.58,Safe Bet,Action
85,Oldboy,2003,8.3,721141,"Action, Drama, Mystery",120,tt0364569,https://www.imdb.com/title/tt0364569/,8.0742,"Abducted on a rainy night in 1988, the obnoxious drunk, Oh Dae-Su, much to his surprise, wakes up locked in a windowless and dilapidated hotel room, for an unknown reason. There, his invisible and pitiless captors will feed him, clothe him, and sedate him to avert a desperate suicide--and as his only companion and a window to the world is the TV in his stark cell--the only thing that helps Oh Dae-Su keep going is his daily journal. Then, unexpectedly, after fifteen long years in captivity, the perplexed prisoner is deliberately released, encouraged to track down his tormentor to finally get his retribution. However, who would hate Oh Dae-Su so much he would deny him of a quick and clean death?",46 wins & 28 nominations total,78.0,8.3,"$2,458,200",Park Chan-wook,Korean,South Korea,-0.967,0.067,0.221,0.712,0.967,negative,22,32779.13636363636,4.05,Avoid,Action
86,Finding Nemo,2003,8.2,1210558,"Adventure, Animation, Comedy",100,tt0266543,https://www.imdb.com/title/tt0266543/,8.0667,"A clown fish named Marlin lives in the Great Barrier Reef and loses his son, Nemo, after he ventures into the open sea, despite his father's constant warnings about many of the ocean's dangers. Nemo is abducted by a boat and netted up and sent to a dentist's office in Sydney. While Marlin ventures off to try to retrieve Nemo, Marlin meets a fish named Dory, a blue tang suffering from short-term memory loss. The companions travel a great distance, encountering various dangerous sea creatures such as sharks, anglerfish and jellyfish, in order to rescue Nemo from the dentist's office, which is situated by Sydney Harbour. While the two are searching the ocean far and wide, Nemo and the other sea animals in the dentist's fish tank plot a way to return to the sea to live their lives free again.",Won 1 Oscar. 49 wins & 63 nominations total,90.0,8.2,"$380,843,261","Andrew Stanton, Lee Unkrich","English, Japanese, Russian","United States, Japan, Australia, Kazakhstan, Armenia",-0.4939,0.09,0.127,0.783,0.4939,negative,22,55025.36363636364,6.99,Hidden Gem,Adventure
87,3 Idiots,2009,8.4,483517,"Comedy, Drama",170,tt1187043,https://www.imdb.com/title/tt1187043/,8.0665,"Farhan Qureshi and Raju Rastogi want to re-unite with their fellow collegian, Rancho, after faking a stroke aboard an Air India plane, and excusing himself from his wife - trouser less - respectively. Enroute, they encounter another student, Chatur Ramalingam, now a successful businessman, who reminds them of a bet they had undertaken 10 years ago. The trio, while recollecting hilarious antics, including their run-ins with the Dean of Delhi's Imperial College of Engineering, Viru Sahastrabudhe, race to locate Rancho, at his last known address - little knowing the secret that was kept from them all this time.",64 wins & 30 nominations total,67.0,8.4,"$6,532,874",Rajkumar Hirani,"Hindi, English",India,0.7369,0.104,0.026,0.869,0.7369,positive,16,30219.8125,3.72,Overhyped,Comedy
88,No Country for Old Men,2007,8.2,1194184,"Crime, Drama, Thriller",122,tt0477348,https://www.imdb.com/title/tt0477348/,8.0652,"In rural Texas, welder and hunter Llewelyn Moss (Josh Brolin) discovers the remains of several drug runners who have all killed each other in an exchange gone violently wrong. Rather than report the discovery to the police, Moss decides to simply take the two million dollars present for himself. This puts the psychopathic killer, Anton Chigurh (Javier Bardem), on his trail as he dispassionately murders nearly every rival, bystander and even employer in his pursuit of his quarry and the money. As Moss desperately attempts to keep one step ahead, the blood from this hunt begins to flow behind him with relentlessly growing intensity as Chigurh closes in. Meanwhile, the laconic Sheriff Ed Tom Bell (Tommy Lee Jones) blithely oversees the investigation even as he struggles to face the sheer enormity of the crimes he is attempting to thwart.",Won 4 Oscars. 165 wins & 139 nominations total,92.0,8.2,"$74,283,625","Ethan Coen, Joel Coen","English, Spanish",United States,-0.9753,0.011,0.157,0.832,0.9753,negative,18,66343.55555555556,8.48,Hidden Gem,Crime
89,Jurassic Park,1993,8.2,1181011,"Adventure, Sci-Fi",127,tt0107290,https://www.imdb.com/title/tt0107290/,8.0639,"Huge advancements in scientific technology have enabled a mogul to create an island full of living dinosaurs. John Hammond has invited four individuals, along with his two grandchildren, to join him at Jurassic Park. But will everything go according to plan? A park employee attempts to steal dinosaur embryos, critical security systems are shut down and it now becomes a race for survival with dinosaurs roaming freely over the island.",Won 3 Oscars. 44 wins & 27 nominations total,68.0,8.2,"$407,185,075",Steven Spielberg,"English, Spanish",United States,0.3612,0.143,0.088,0.768,0.3612,positive,32,36906.59375,4.6,Overhyped,Adventure
90,The Sixth Sense,1999,8.2,1146404,"Drama, Mystery, Thriller",107,tt0167404,https://www.imdb.com/title/tt0167404/,8.0604,"Malcom Crowe (Bruce Willis) is a child psychologist who receives an award on the same night that he is visited by a very unhappy ex-patient. After this encounter, Crowe takes on the task of curing a young boy with the same ills as the ex-patient (Donnie Wahlberg) . This boy ""sees dead people"". Crowe spends a lot of time with the boy much to the dismay of his wife (Olivia Williams). Cole's mom (Toni Collette) is at her wit's end with what to do about her son's increasing problems. Crowe is the boy's only hope.",Nominated for 6 Oscars. 37 wins & 56 nominations total,64.0,8.2,"$293,506,292",M. Night Shyamalan,"English, Latin, Spanish",United States,-0.7574,0.059,0.119,0.822,0.7574,negative,26,44092.46153846154,5.55,Hidden Gem,Drama
91,Amadeus,1984,8.4,469003,"Biography, Drama, Music",160,tt0086879,https://www.imdb.com/title/tt0086879/,8.0592,"Antonio Salieri believes that Wolfgang Amadeus Mozart's music is divine and miraculous. He wishes he was himself as good a musician as Mozart so that he can praise the Lord through composing. He began his career as a devout man who believes his success and talent as a composer are God's rewards for his piety. He's also content as the respected, financially well-off, court composer of Austrian Emperor Joseph II. But he's shocked to learn that Mozart is such a vulgar creature, and can't understand why God favored Mozart to be his instrument. Salieri's envy has made him an enemy of God whose greatness was evident in Mozart. He is ready to take revenge against God and Mozart for his own musical mediocrity.",Won 8 Oscars. 43 wins & 15 nominations total,87.0,8.4,"$51,973,029",Milos Forman,"English, Italian, Latin, German, French","United States, France",0.7031,0.187,0.122,0.69,0.7031,positive,41,11439.09756097561,1.24,Overhyped,Biography
92,A Beautiful Mind,2001,8.2,1055174,"Biography, Drama, Mystery",135,tt0268978,https://www.imdb.com/title/tt0268978/,8.0502,"Mathematician John Nash rises to prominence at Princeton with his groundbreaking theories in game theory. While achieving academic success, he begins experiencing paranoid delusions and hallucinations, straining his relationships with his wife Alicia and colleagues. Nash struggles with schizophrenia, gradually learning to distinguish reality from illusion while continuing his work. The film explores genius, mental illness, love, and perseverance, showing the challenges of balancing personal struggles with professional achievement.",Won 4 Oscars. 37 wins & 69 nominations total,72.0,8.2,"$170,742,341",Ron Howard,English,United States,-0.2023,0.112,0.146,0.742,0.2023,negative,24,43965.583333333336,5.53,Hidden Gem,Biography
93,Oppenheimer,2023,8.2,1047757,"Biography, Drama, History",180,tt15398776,https://www.imdb.com/title/tt15398776/,8.0493,"A dramatization of the life story of J. Robert Oppenheimer, the physicist who had a large hand in the development of the atomic bomb, thus helping end World War 2. We see his life from university days all the way to post-WW2, where his fame saw him embroiled in political machinations.",Won 7 Oscars. 370 wins & 378 nominations total,90.0,8.2,"$330,078,895",Christopher Nolan,"English, German, Italian, Dutch","United States, United Kingdom",0.0516,0.135,0.116,0.749,0.0516,positive,2,523878.5,68.85,Safe Bet,Biography
94,Die Hard,1988,8.2,1030647,"Action, Thriller",132,tt0095016,https://www.imdb.com/title/tt0095016/,8.0473,"NYPD cop John McClane goes on a Christmas vacation to visit his wife Holly in Los Angeles where she works for the Nakatomi Corporation. While they are at the Nakatomi headquarters for a Christmas party, a group of robbers led by Hans Gruber take control of the building and hold everyone hostage, with the exception of John, while they plan to perform a lucrative heist. Unable to escape and with no immediate police response, John is forced to take matters into his own hands.",Nominated for 4 Oscars. 8 wins & 8 nominations total,72.0,8.2,"$85,892,546",John McTiernan,"English, German, Italian, Japanese",United States,-0.1779,0.061,0.058,0.881,0.1779,negative,37,27855.324324324323,3.4,Avoid,Action
95,Taxi Driver,1976,8.2,1028186,"Crime, Drama",114,tt0075314,https://www.imdb.com/title/tt0075314/,8.0469,"Travis Bickle is an ex-Marine and Vietnam War veteran living in New York City. As he suffers from insomnia, he spends his time working as a taxi driver at night, watching porn movies at seedy cinemas during the day, or thinking about how the world, New York in particular, has deteriorated into a cesspool. He's a loner who has strong opinions about what is right and wrong with mankind. For him, the one bright spot in humanity is Betsy, a worker on the presidential nomination campaign of Senator Charles Palantine. After an incident, he believes he has to do whatever he needs to make the world a better place.",Nominated for 4 Oscars. 22 wins & 21 nominations total,94.0,8.2,"$28,262,574",Martin Scorsese,"English, Spanish",United States,-0.5106,0.074,0.1,0.826,0.5106,negative,49,20983.38775510204,2.5,Avoid,Crime
96,The Lives of Others,2006,8.4,443881,"Drama, Mystery, Thriller",137,tt0405094,https://www.imdb.com/title/tt0405094/,8.0459,"Gerd Wiesler is an officer with the Stasi, the East German secret police. The film begins in 1984 when Wiesler attends a play written by Georg Dreyman, who is considered by many to be the ultimate example of the loyal citizen. Wiesler has a gut feeling that Dreyman can't be as ideal as he seems, and believes surveillance is called for. The Minister of Culture agrees but only later does Wiesler learn that the Minister sees Dreyman as a rival and lusts after his partner Christa-Maria. The more time he spends listening in on them, the more he comes to care about them. The once rigid Stasi officer begins to intervene in their lives, in a positive way, protecting them whenever possible. Eventually, Wiesler's activities catch up to him and while there is no proof of wrongdoing, he finds himself in menial jobs - until the unbelievable happens.",Won 1 Oscar. 80 wins & 38 nominations total,89.0,8.4,"$11,286,112",Florian Henckel von Donnersmarck,German,"Germany, France",0.885,0.11,0.04,0.851,0.885,positive,19,23362.157894736843,2.81,Overhyped,Drama
97,Snatch,2000,8.2,977500,"Comedy, Crime",102,tt0208092,https://www.imdb.com/title/tt0208092/,8.0404,"Turkish and his close friend/accomplice Tommy get pulled into the world of match fixing by the notorious Brick Top. Things get complicated when the boxer they had lined up gets badly beaten by Mickey, who comes into the equation after Turkish, an unlicensed boxing promoter wants to buy a caravan off of Travellers. They then try to convince Mickey not only to fight for them, but to lose for them too. Whilst all this is going on, a huge diamond heist takes place, and a fistful of motley characters enter the story, including 'Cousin Avi', 'Boris The Blade', 'Franky Four Fingers' and 'Bullet Tooth Tony'. Things go from bad to worse as it all becomes about the money, the guns, and the damned dog.",4 wins & 7 nominations total,55.0,8.2,"$30,328,156",Guy Ritchie,"English, Russian","United Kingdom, United States",-0.9218,0.073,0.151,0.776,0.9218,negative,25,39100.0,4.89,Avoid,Comedy
98,Prisoners,2013,8.2,939196,"Crime, Drama, Mystery",153,tt1392214,https://www.imdb.com/title/tt1392214/,8.035,"How far would you go to protect your family? Keller Dover is facing every parent's worst nightmare. His six-year-old daughter, Anna, is missing, together with her young friend, Joy, and as minutes turn to hours, panic sets in. The only lead is a dilapidated RV that had earlier been parked on their street. Heading the investigation, Detective Loki arrests its driver, Alex Jones, but a lack of evidence forces his release. As the police pursue multiple leads and pressure mounts, knowing his child's life is at stake the frantic Dover decides he has no choice but to take matters into his own hands. But just how far will this desperate father go to protect his family?",Nominated for 1 Oscar. 10 wins & 38 nominations total,70.0,8.2,"$61,002,302",Denis Villeneuve,English,United States,-0.9273,0.079,0.178,0.743,0.9273,negative,12,78266.33333333333,10.05,Hidden Gem,Crime
99,A Clockwork Orange,1971,8.2,937112,"Crime, Sci-Fi",136,tt0066921,https://www.imdb.com/title/tt0066921/,8.0347,"Protagonist Alex DeLarge is an ""ultraviolent"" youth in futuristic Britain. As with all luck, his eventually runs out and he's arrested and convicted of murder. While in prison, Alex learns of an experimental program in which convicts are programmed to detest violence. If he goes through the program, his sentence will be reduced and he will be back on the streets sooner than expected. But Alex's ordeals are far from over once he hits the streets of Britain..",Nominated for 4 Oscars. 12 wins & 26 nominations total,77.0,8.2,"$26,617,553",Stanley Kubrick,English,"United Kingdom, United States",-0.7543,0.037,0.113,0.85,0.7543,negative,54,17353.925925925927,2.02,Avoid,Crime
100,Top Gun: Maverick,2022,8.2,879197,"Action, Drama",130,tt1745960,https://www.imdb.com/title/tt1745960/,8.0258,"Set 30 years after its predecessor, it follows Maverick's return to the United States Navy Strike Fighter Tactics Instructor program (also known as U.S. Navy-Fighter Weapons School - ""TOPGUN""), where he must confront his past as he trains a group of younger pilots, among them the son of Maverick's deceased best friend Lieutenant Nick ""Goose"" Bradshaw, USN.",Won 1 Oscar. 114 wins & 237 nominations total,78.0,8.2,"$718,732,821",Joseph Kosinski,English,United States,0.7717,0.174,0.09,0.736,0.7717,positive,3,293065.6666666667,38.39,Safe Bet,Action
101,Indiana Jones and the Last Crusade,1989,8.2,864011,Adventure,127,tt0097576,https://www.imdb.com/title/tt0097576/,8.0233,"An art collector appeals to Indiana Jones to embark on a search for the Holy Grail. He learns that another archaeologist has disappeared while searching for the precious goblet, and the missing man is his own father, Dr. Henry Jones. The artifact is much harder to find than they expected, and its powers are too much for those impure of heart.",Won 1 Oscar. 9 wins & 24 nominations total,65.0,8.2,"$197,171,806",Steven Spielberg,"English, German, Greek, Latin, Italian","United States, United Kingdom, Spain, Italy, Jordan",0.7003,0.114,0.059,0.826,0.7003,positive,36,24000.305555555555,2.9,Overhyped,Adventure
102,Dr. Strangelove or: How I Learned to Stop Worrying and Love the Bomb,1964,8.3,550940,"Comedy, War",95,tt0057012,https://www.imdb.com/title/tt0057012/,8.023,"Paranoid Brigadier General Jack D. Ripper of Burpelson Air Force Base, believing that fluoridation of the American water supply is a Soviet plot to poison the U.S. populace, is able to deploy through a back door mechanism a nuclear attack on the Soviet Union without the knowledge of his superiors, including the Chair of the Joint Chiefs of Staff, General Buck Turgidson, and President Merkin Muffley. Only Ripper knows the code to recall the B-52 bombers and he has shut down communication in and out of Burpelson as a measure to protect this attack. Ripper's executive officer, RAF Group Captain Lionel Mandrake (on exchange from Britain), who is being held at Burpelson by Ripper, believes he knows the recall codes if he can only get a message to the outside world. Meanwhile at the Pentagon War Room, key persons including Muffley, Turgidson and nuclear scientist and adviser, a former Nazi named Dr. Strangelove, are discussing measures to stop the attack or mitigate its blow-up into an all out nuclear war with the Soviets. Against Turgidson's wishes, Muffley brings Soviet Ambassador Alexi de Sadesky into the War Room, and get his boss, Soviet Premier Dimitri Kisov, on the hot line to inform him of what's going on. The Americans in the War Room are dismayed to learn that the Soviets have an as yet unannounced Doomsday Device to detonate if any of their key targets are hit. As Ripper, Mandrake and those in the War Room try and work the situation to their end goal, Major T.J. ""King"" Kong, one of the B-52 bomber pilots, is working on his own agenda of deploying his bomb where ever he can on enemy soil if he can't make it to his intended target.",Nominated for 4 Oscars. 14 wins & 11 nominations total,97.0,8.3,"$9,440,272",Stanley Kubrick,"English, Russian",United Kingdom,-0.9929,0.019,0.153,0.828,0.9929,negative,61,9031.803278688525,0.92,Avoid,Comedy
103,Full Metal Jacket,1987,8.2,851350,"Drama, War",116,tt0093058,https://www.imdb.com/title/tt0093058/,8.0212,"A two-segment look at the effect of the military mindset and war itself on Vietnam era Marines. The first half follows a group of recruits in boot camp under the command of the punishing Gunnery Sergeant Hartman. The second half shows one of those recruits, Joker, covering the war as a correspondent for Stars and Stripes, focusing on the Tet offensive.",Nominated for 1 Oscar. 8 wins & 15 nominations total,78.0,8.2,"$46,357,676",Stanley Kubrick,"English, Vietnamese","United Kingdom, United States",-0.9313,0.021,0.2,0.779,0.9313,negative,38,22403.947368421053,2.68,Avoid,Drama
104,Cinema Paradiso,1988,8.5,317100,"Drama, Romance",174,tt0095765,https://www.imdb.com/title/tt0095765/,8.0204,"A boy who grew up in a native Sicilian Village returns home as a famous director after receiving news about the death of an old friend. Told in a flashback, Salvatore reminiscences about his childhood and his relationship with Alfredo, a projectionist at Cinema Paradiso. Under the fatherly influence of Alfredo, Salvatore fell in love with film making, with the duo spending many hours discussing about films and Alfredo painstakingly teaching Salvatore the skills that became a stepping stone for the young boy into the world of film making. The film brings the audience through the changes in cinema and the dying trade of traditional film making, editing and screening. It also explores a young boy's dream of leaving his little town to foray into the world outside.",Won 1 Oscar. 25 wins & 33 nominations total,80.0,8.5,"$12,397,210",Giuseppe Tornatore,Italian,"Italy, France",0.6705,0.068,0.028,0.903,0.6705,positive,37,8570.27027027027,0.86,Overhyped,Drama
105,Your Name.,2016,8.4,394663,"Animation, Drama, Fantasy",106,tt5311514,https://www.imdb.com/title/tt5311514/,8.0166,Mitsuha is the daughter of the mayor of a small mountain town. She's a straightforward high school girl who lives with her sister and her grandmother and has no qualms about letting it be known that she's uninterested in Shinto rituals or helping her father's electoral campaign. Instead she dreams of leaving the boring town and trying her luck in Tokyo. Taki is a high school boy in Tokyo who works part-time in an Italian restaurant and aspires to become an architect or an artist. Every night he has a strange dream where he becomes...a high school girl in a small mountain town.,17 wins & 27 nominations total,81.0,8.4,"$5,017,246",Makoto Shinkai,Japanese,Japan,0.5574,0.088,0.056,0.856,0.5574,positive,9,43851.444444444445,5.51,Safe Bet,Animation
106,1917,2019,8.2,773757,"Drama, War",119,tt8579674,https://www.imdb.com/title/tt8579674/,8.007,"April 1917, the Western Front. Two British soldiers are sent to deliver an urgent message to an isolated regiment. If the message is not received in time the regiment will walk into a trap and be massacred. To get to the regiment they will need to cross through enemy territory. Time is of the essence and the journey will be fraught with danger.",Won 3 Oscars. 137 wins & 202 nominations total,78.0,8.2,"$159,227,644",Sam Mendes,"English, French, German","United Kingdom, United States, India, Spain",-0.8658,0.025,0.161,0.813,0.8658,negative,6,128959.5,16.74,Hidden Gem,Drama
107,Pan's Labyrinth,2006,8.2,747678,"Drama, Fantasy, War",118,tt0457430,https://www.imdb.com/title/tt0457430/,8.0016,"In 1944 Falangist Spain, a girl, fascinated with fairy-tales, is sent along with her pregnant mother to live with her new stepfather, a ruthless captain of the Spanish army. During the night, she meets a fairy who takes her to an old faun in the center of the labyrinth. He tells her she's a princess, but must prove her royalty by surviving three gruesome tasks. If she fails, she will never prove herself to be the true princess and will never see her real father, the king, again.",Won 3 Oscars. 109 wins & 115 nominations total,98.0,8.2,"$37,646,380",Guillermo del Toro,Spanish,"Mexico, Spain",0.5927,0.089,0.038,0.873,0.5927,positive,19,39351.47368421053,4.92,Safe Bet,Drama
108,Princess Mononoke,1997,8.3,484168,"Adventure, Animation, Fantasy",133,tt0119698,https://www.imdb.com/title/tt0119698/,7.996,"While protecting his village from rampaging boar-god/demon, a confident young warrior, Ashitaka, is stricken by a deadly curse. To save his life, he must journey to the forests of the west. Once there, he's embroiled in a fierce campaign that humans were waging on the forest. The ambitious Lady Eboshi and her loyal clan use their guns against the gods of the forest and a brave young woman, Princess Mononoke, who was raised by a wolf-god. Ashitaka sees the good in both sides and tries to stem the flood of blood. This is met by animosity by both sides as they each see him as supporting the enemy.",14 wins & 6 nominations total,78.0,8.3,"$11,696,687",Hayao Miyazaki,Japanese,Japan,0.8225,0.165,0.1,0.735,0.8225,positive,28,17291.714285714286,2.01,Overhyped,Adventure
109,There Will Be Blood,2007,8.2,710484,Drama,158,tt0469494,https://www.imdb.com/title/tt0469494/,7.9935,"The intersecting life stories of Daniel Plainview and Eli Sunday in early twentieth century California is presented. Miner turn oilman Daniel Plainview is a driven man who will do whatever it takes to achieve his goals. He works hard but he also takes advantage of those around him at their expense if need be. His business partner is his son H.W., who in reality he ""acquired"" when H.W.'s biological single father, who worked on one of Daniel's rigs, got killed in a workplace accident. Daniel is deeply protective of H.W. if only for what H.W. brings to the partnership. Eli Sunday is one in a pair of twins, whose family farm Daniel purchases for the major oil deposit located on it. Eli, the local preacher and a self-proclaimed faith healer, wants the money from the sale of the property to finance his own church. The lives of the two competitive men often clash as Daniel pumps oil off the property and tries to acquire all the surrounding land at bargain prices to be able to build a pipeline to the coast, and as Eli tries to build his own religious empire.",Won 2 Oscars. 114 wins & 138 nominations total,93.0,8.2,"$40,222,514",Paul Thomas Anderson,"English, American Sign ",United States,-0.4854,0.051,0.056,0.893,0.4854,negative,18,39471.333333333336,4.94,Hidden Gem,Drama
110,Pirates of the Caribbean: The Curse of the Black Pearl,2003,8.1,1328163,"Action, Adventure, Fantasy",143,tt0325980,https://www.imdb.com/title/tt0325980/,7.9901,"This swash-buckling tale follows the quest of Captain Jack Sparrow, a savvy pirate, and Will Turner, a resourceful blacksmith, as they search for Elizabeth Swann. Elizabeth, the daughter of the governor and the love of Will's life, has been kidnapped by the feared Captain Barbossa. Little do they know, but the fierce and clever Barbossa has been cursed. He, along with his large crew, are under an ancient curse, doomed for eternity to neither live, nor die. That is, unless a blood sacrifice is made.",Nominated for 5 Oscars. 38 wins & 104 nominations total,63.0,8.1,"$305,413,918",Gore Verbinski,English,United States,-0.8868,0.065,0.158,0.777,0.8868,negative,22,60371.045454545456,7.69,Hidden Gem,Action
111,Modern Times,1936,8.5,285581,"Comedy, Drama, Romance",87,tt0027977,https://www.imdb.com/title/tt0027977/,7.9893,"Chaplin's last 'silent' film, filled with sound effects, was made when everyone else was making talkies. Charlie turns against modern society, the machine age, (The use of sound in films ?) and progress. Firstly we see him frantically trying to keep up with a production line, tightening bolts. He is selected for an experiment with an automatic feeding machine, but various mishaps leads his boss to believe he has gone mad, and Charlie is sent to a mental hospital - When he gets out, he is mistaken for a communist while waving a red flag, sent to jail, foils a jailbreak, and is let out again. We follow Charlie through many more escapades before the film is out.",6 wins & 1 nomination total,96.0,8.5,"$163,577",Charles Chaplin,English,United States,-0.81,0.015,0.074,0.911,0.81,negative,89,3208.775280898876,0.15,Avoid,Comedy
112,Green Book,2018,8.2,689543,"Biography, Comedy, Drama",130,tt6966692,https://www.imdb.com/title/tt6966692/,7.9887,"In 1962, tough bouncer Frank ""Tony Lip"" Vallelonga searches for work while his nightclub is closed for renovations. The most promising offer turns out to be the driver for African-American classical pianist Don Shirley for a concert tour into the Deep South states. Although hardly enthused at working for a Black man, Tony accepts the job and they begin their trek armed with ""The Negro Motorist Green Book,"" a guide for safe travel through America's racial segregation. The snobbishly erudite pianist and the crudely practical bouncer can barely get along with their clashing attitudes to life and ideals. However, as the disparate pair witness and endure America's appalling injustices on the road, they find a newfound respect for each other's talents and start to face them together. In doing so, they nurture an understanding and a friendship that would change both their lives.",Won 3 Oscars. 58 wins & 125 nominations total,69.0,8.2,"$85,080,171",Peter Farrelly,"English, Italian, Russian, German","United States, China, Japan",0.9403,0.148,0.052,0.8,0.9403,positive,7,98506.14285714286,12.73,Safe Bet,Biography
113,V for Vendetta,2005,8.1,1247976,"Action, Drama, Sci-Fi",132,tt0434409,https://www.imdb.com/title/tt0434409/,7.984,"In the distant future, Evey Hammond is an average citizen of the United Kingdom, which is under the rule of the fascist and tyrannical Norsefire Party. She is an employee of the state-run British Television Network, but soon, she becomes the number one enemy of the state together with an enigmatic and larger-than-life freedom fighter known only by the letter ""V"". V informs Evey that she must hide in his underground lair for at least one year, and while she is reluctant to the idea at first, a bond soon forms between the two individuals. In the meanwhile, the mysterious past of V is gradually revealed to the police inspector tasked with capturing him, Eric Finch, and it is not long until he starts questioning everything his government stands for.",7 wins & 29 nominations total,62.0,8.1,"$70,511,035",James McTeigue,"English, French, Latin, Spanish",United States,-0.0772,0.088,0.09,0.821,0.0772,negative,20,62398.8,7.96,Safe Bet,Action
114,Catch Me If You Can,2002,8.1,1244028,"Biography, Crime, Drama",141,tt0264464,https://www.imdb.com/title/tt0264464/,7.9837,"A true story about Frank Abagnale Jr. who, before his 19th birthday, successfully conned millions of dollars worth of checks as a Pan Am pilot, doctor, and legal prosecutor. An FBI agent makes it his mission to put him behind bars. But Frank not only eludes capture, he revels in the pursuit.",Nominated for 2 Oscars. 16 wins & 46 nominations total,75.0,8.1,"$164,615,351",Steven Spielberg,"English, French","United States, Canada",0.5719,0.122,0.0,0.878,0.5719,positive,23,54088.17391304348,6.86,Safe Bet,Biography
115,Jai Bhim,2021,8.6,234637,"Crime, Drama",164,tt15097216,https://www.imdb.com/title/tt15097216/,7.9834,Rajakannu and his wife Sengeni belong to a lower cast and works as labors in the field to protect it from rats thou they live life of poverty but are happy with what they have. Rajakannu and Sengeni plan a second child and soon Sengeni gives the good news once Rajkannu is called to the house of a upper caste man as a snake has sneaked inside his house.The next day theft of jewelry is reported in the same house suspicious raising towards Rajkannu .The cops got to arrest Rajkannu but he leaves the town for work following which the cops detain a pregnant Sengani and rest of family members asking them details about the Rajkannu.The cops trace Rajkannu and torture him and his brothers in jail asking him to confess the crime they did not commit later Sengeni finds that Rajkannu and his brother have eloped from the prison to escape torture.Mythra who teaches tribal village comes across a lawyer Chandru who fights for tribal people and after hearing story of Senegeni files a Habeas corpus case in court.,14 wins & 20 nominations total,,8.6,,T.J. Gnanavel,Tamil,"India, United States",-0.9701,0.06,0.161,0.779,0.9701,negative,4,58659.25,7.47,Hidden Gem,Crime
116,L.A. Confidential,1997,8.2,658934,"Crime, Drama, Mystery",138,tt0119488,https://www.imdb.com/title/tt0119488/,7.9812,"1950's Los Angeles is the seedy backdrop for this intricate noir-ish tale of police corruption and Hollywood sleaze. Three very different cops are all after the truth, each in their own style: Ed Exley, the golden boy of the police force, willing to do almost anything to get ahead, except sell out; Bud White, ready to break the rules to seek justice, but barely able to keep his raging violence under control; and Jack Vincennes, always looking for celebrity and a quick buck until his conscience drives him to join Exley and White down the one-way path to find the truth behind the dark world of L.A. crime.",Won 2 Oscars. 91 wins & 86 nominations total,91.0,8.2,"$64,616,940",Curtis Hanson,English,United States,-0.8582,0.092,0.119,0.789,0.8582,negative,28,23533.35714285714,2.83,Avoid,Crime
117,Mad Max: Fury Road,2015,8.1,1208682,"Action, Adventure, Sci-Fi",120,tt1392190,https://www.imdb.com/title/tt1392190/,7.9808,"An apocalyptic story set in the furthest reaches of our planet, in a stark desert landscape where humanity is broken, and almost everyone is crazed fighting for the necessities of life. Within this world exist two rebels on the run who just might be able to restore order. There's Max, a man of action and a man of few words, who seeks peace of mind following the loss of his wife and child in the aftermath of the chaos. And Furiosa, a woman of action and a woman who believes her path to survival may be achieved if she can make it across the desert back to her childhood homeland.",Won 6 Oscars. 245 wins & 234 nominations total,90.0,8.1,"$154,280,290",George Miller,"English, Russian","Australia, United States",-0.9029,0.055,0.151,0.794,0.9029,negative,10,120868.2,15.68,Hidden Gem,Action
118,Gone Girl,2014,8.1,1172152,"Drama, Mystery, Thriller",149,tt2267998,https://www.imdb.com/title/tt2267998/,7.9776,"On the occasion of his fifth wedding anniversary, Nick Dunne reports that his wife, Amy, has gone missing. Under pressure from the police and a growing media frenzy, Nick's portrait of a blissful union begins to crumble. Soon his lies, deceits and strange behavior have everyone asking the same dark question: Did Nick Dunne kill his wife?",Nominated for 1 Oscar. 64 wins & 189 nominations total,79.0,8.1,"$167,767,189",David Fincher,English,United States,-0.8555,0.079,0.227,0.694,0.8555,negative,11,106559.27272727272,13.79,Hidden Gem,Drama
119,Casino,1995,8.2,621138,"Crime, Drama",178,tt0112641,https://www.imdb.com/title/tt0112641/,7.9711,"This Martin Scorsese film depicts the Janus-like quality of Las Vegas--it has a glittering, glamorous face, as well as a brutal, cruel one. Ace Rothstein and Nicky Santoro, mobsters who move to Las Vegas to make their mark, live and work in this paradoxical world. Seen through their eyes, each as a foil to the other, the details of mob involvement in the casinos of the 1970s and '80s are revealed. Ace is the smooth operator of the Tangiers casino, while Nicky is his boyhood friend and tough strongman, robbing and shaking down the locals. However, they each have a tragic flaw--Ace falls in love with a hustler, Ginger, and Nicky falls into an ever-deepening spiral of drugs and violence.",Nominated for 1 Oscar. 4 wins & 11 nominations total,73.0,8.2,"$42,512,375",Martin Scorsese,English,"United States, France",-0.5719,0.102,0.128,0.769,0.5719,negative,30,20704.6,2.46,Avoid,Crime
120,"Monsters, Inc.",2001,8.1,1076711,"Adventure, Animation, Comedy",92,tt0198781,https://www.imdb.com/title/tt0198781/,7.9684,"A city of monsters with no humans called Monstropolis centers around the city's power company, Monsters, Inc. The lovable, confident, tough, furry blue behemoth-like giant monster named James P. Sullivan (better known as Sulley) and his wisecracking best friend, short, green cyclops monster Mike Wazowski, discover what happens when the real world interacts with theirs in the form of a 3-year-old girl dubbed ""Boo,"" who accidentally sneaks into the monster world with Sulley one night. And now it's up to Sulley and Mike to send Boo back in her door before anybody finds out, especially two evil villains such as Sulley's main rival as a scarer, chameleon-like Randall (a monster that Boo is very afraid of), who possesses the ability to change the color of his skin, and Mike and Sulley's boss Mr. Waternoose, the chairman and chief executive officer of Monsters, Inc.",Won 1 Oscar. 15 wins & 38 nominations total,79.0,8.1,"$290,642,256","Pete Docter, David Silverman, Lee Unkrich",English,United States,0.2635,0.117,0.116,0.767,0.2635,positive,24,44862.958333333336,5.65,Safe Bet,Adventure
121,Harry Potter and the Deathly Hallows: Part 2,2011,8.1,1048660,"Adventure, Family, Fantasy",130,tt1201607,https://www.imdb.com/title/tt1201607/,7.9655,"Harry (Daniel Radcliffe), Ron (Rupert Grint), and Hermione (Emma Watson) continue their quest of finding and destroying Voldemort's (Ralph Fiennes') three remaining Horcruxes, the magical items responsible for his immortality. But as the mystical Deathly Hallows are uncovered, and Voldemort finds out about their mission, the biggest battle begins, and life as they know it will never be the same again.",Nominated for 3 Oscars. 49 wins & 96 nominations total,85.0,8.1,"$381,884,297",David Yates,"English, Latin","United Kingdom, United States",-0.6187,0.025,0.087,0.888,0.6187,negative,14,74904.28571428571,9.61,Hidden Gem,Adventure
122,Spider-Man: No Way Home,2021,8.1,1025463,"Action, Adventure, Fantasy",148,tt10872600,https://www.imdb.com/title/tt10872600/,7.9629,"Peter Parker's secret identity is revealed to the entire world. Desperate for help, Peter turns to Doctor Strange to make the world forget that he is Spider-Man. The spell goes horribly wrong and shatters the multiverse, bringing in monstrous villains that could destroy the world.",Nominated for 1 Oscar. 35 wins & 72 nominations total,71.0,8.1,"$814,866,759",Jon Watts,"English, Tagalog",United States,-0.9493,0.045,0.339,0.616,0.9493,negative,4,256365.75,33.55,Hidden Gem,Action
123,The Terminator,1984,8.1,1006468,"Action, Adventure, Sci-Fi",107,tt0088247,https://www.imdb.com/title/tt0088247/,7.9608,"Sent back from a dystopian 2029--where the cold machines have conquered the entire world--to 1984 Los Angeles, the indestructible cyborg-assassin known as the ""Terminator"" commences his deadly mission to kill humankind's most important woman: the unsuspecting Sarah Connor. However, from the same war-torn post-apocalyptic future comes a battle-scarred defender--Kyle Reese, a brave soldier of the human Resistance Army--bent on stopping the cybernetic killer from eliminating the world's last hope. But, the Terminator has no feelings, he doesn't sleep, and above all, he won't stop until he carries out his grim task. Does our future lie in our past?",9 wins & 8 nominations total,84.0,8.1,"$38,371,200",James Cameron,"English, Spanish","United Kingdom, United States",-0.8085,0.083,0.131,0.786,0.8085,negative,41,24548.0,2.97,Avoid,Action
124,The Hunt,2012,8.3,410919,Drama,115,tt2106476,https://www.imdb.com/title/tt2106476/,7.9596,"Lucas is a Kindergarten teacher who takes great care of his students. Unfortunately for him, young Klara has a run-away imagination and concocts a lie about her teacher. Before Lucas is even able to understand the consequences, he has become the outcast of the town. The hunt is on to prove his innocence before it's taken from him for good.",Nominated for 1 Oscar. 38 wins & 74 nominations total,77.0,8.3,"$613,308",Thomas Vinterberg,"Danish, English, Polish","Denmark, Sweden, Belgium, France",0.886,0.182,0.034,0.783,0.886,positive,13,31609.153846153848,3.9,Overhyped,Drama
125,Once Upon a Time in America,1984,8.3,408453,"Crime, Drama",229,tt0087843,https://www.imdb.com/title/tt0087843/,7.9582,"With the vivid memory of his long-gone childhood friends Max, Patsy, and Cockeye etched in his mind, his ferociously loyal partners-in-crime during their rise to prominence in New York's Prohibition-era Lower East Side, the defeated, penniless, and guilt-ridden former gangster David ""Noodles"" Aaronson returns to Manhattan. Not knowing what to expect on his mission to shed light on his opaque past, grizzled Noodles reunites with his only living friend Fat Moe after 35 haunted years of self-exile. However, the relentless, piercing sound of culpability stands in the way of finding closure, as the inscrutable content of a well-worn leather suitcase further complicates matters. And now, against the backdrop of a torn conscience, the sad, bittersweet recollections of more than 50 years of love, death, and everything in-between become inextricably intertwined, leading to even more puzzling questions. But what are a man's options when he is left with nothing?",Won 2 BAFTA Awards. 11 wins & 13 nominations total,75.0,8.3,"$5,321,508",Sergio Leone,"English, Italian, French, Yiddish, Hebrew","Italy, United States",-0.3506,0.069,0.09,0.841,0.3506,negative,41,9962.268292682927,1.04,Avoid,Crime
126,The Grand Budapest Hotel,2014,8.1,974153,"Comedy, Drama",99,tt2278388,https://www.imdb.com/title/tt2278388/,7.9569,"This movie recounts the adventures of M. Gustave, a legendary concierge at a famous European hotel between the wars, and Zero Moustafa, the lobby boy who becomes his most trusted friend. The story involves the theft and recovery of a priceless Renaissance painting and the battle for an enormous family fortune - all against the backdrop of a suddenly and dramatically changing continent.",Won 4 Oscars. 137 wins & 227 nominations total,88.0,8.1,"$59,301,324",Wes Anderson,"English, French, German","United States, Germany",0.489,0.141,0.084,0.775,0.489,positive,11,88559.36363636363,11.41,Safe Bet,Comedy
127,Ratatouille,2007,8.1,947447,"Adventure, Animation, Comedy",111,tt0382932,https://www.imdb.com/title/tt0382932/,7.9536,"A rat named Remy dreams of becoming a great French chef despite his family's wishes and the obvious problem of being a rat in a decidedly rodent-phobic profession. When fate places Remy in the sewers of Paris, he finds himself ideally situated beneath a restaurant made famous by his culinary hero, Auguste Gusteau. Despite the apparent dangers of being an unlikely, and certainly unwanted, visitor in the kitchen of a fine French restaurant, Remy's passion for cooking soon sets into motion a hilarious and exciting rat race that turns the culinary world of Paris upside down.",Won 1 Oscar. 69 wins & 42 nominations total,96.0,8.1,"$206,445,654","Brad Bird, Jan Pinkava","English, French","United States, France",0.9715,0.245,0.051,0.704,0.9715,positive,18,52635.944444444445,6.67,Safe Bet,Adventure
128,Logan,2017,8.1,928391,"Action, Drama, Sci-Fi",137,tt3315342,https://www.imdb.com/title/tt3315342/,7.9511,"In 2029 the mutant population has shrunken significantly due to genetically modified plants designed to reduce mutant powers and the X-Men have disbanded. Logan, whose power to self-heal is dwindling, has surrendered himself to alcohol and now earns a living as a chauffeur. He takes care of the ailing old Professor X whom he keeps hidden away. One day, a female stranger asks Logan to drive a girl named Laura to the Canadian border. At first he refuses, but the Professor has been waiting for a long time for her to appear. Laura possesses an extraordinary fighting prowess and is in many ways like Wolverine. She is pursued by sinister figures working for a powerful corporation; this is because they made her, with Logan's DNA. A decrepit Logan is forced to ask himself if he can or even wants to put his remaining powers to good use. It would appear that in the near-future, the times in which they were able put the world to rights with razor sharp claws and telepathic powers are now over.",Nominated for 1 Oscar. 28 wins & 82 nominations total,77.0,8.1,"$226,277,068",James Mangold,"English, Spanish",United States,-0.1779,0.066,0.065,0.869,0.1779,negative,8,116048.875,15.04,Hidden Gem,Action
129,Inside Out,2015,8.1,918269,"Adventure, Animation, Comedy",95,tt2096673,https://www.imdb.com/title/tt2096673/,7.9498,"Growing up can be a bumpy road, and it's no exception for Riley, who is uprooted from her Midwest life when her father starts a new job in San Francisco. Like all of us, Riley is guided by her emotions - Joy, Fear, Anger, Disgust and Sadness. The emotions live in Headquarters, the control center inside Riley's mind, where they help advise her through everyday life. As Riley and her emotions struggle to adjust to a new life in San Francisco, turmoil ensues in Headquarters. Although Joy, Riley's main and most important emotion, tries to keep things positive, the emotions conflict on how best to navigate a new city, house and school.",Won 1 Oscar. 99 wins & 118 nominations total,94.0,8.1,"$356,461,711","Pete Docter, Ronnie Del Carmen","English, Portuguese, Latvian",United States,0.3384,0.17,0.16,0.669,0.3384,positive,10,91826.9,11.84,Safe Bet,Adventure
130,The Big Lebowski,1998,8.1,917263,"Comedy, Crime",117,tt0118715,https://www.imdb.com/title/tt0118715/,7.9497,"When ""the dude"" Lebowski is mistaken for a millionaire Lebowski, two thugs urinate on his rug to coerce him into paying a debt he knows nothing about. While attempting to gain recompense for the ruined rug from his wealthy counterpart, he accepts a one-time job with high pay-off. He enlists the help of his bowling buddy, Walter, a gun-toting Jewish-convert with anger issues. Deception leads to more trouble, and it soon seems that everyone from porn empire tycoons to nihilists want something from The Dude.",7 wins & 18 nominations total,71.0,8.1,"$19,488,923","Joel Coen, Ethan Coen","English, German, Hebrew, Spanish","United Kingdom, United States",-0.7574,0.117,0.17,0.712,0.7574,negative,27,33972.7037037037,4.21,Avoid,Comedy
131,How to Train Your Dragon,2010,8.1,896447,"Action, Adventure, Animation",98,tt0892769,https://www.imdb.com/title/tt0892769/,7.9468,"Long ago up North on the Island of Berk, the young Viking, Hiccup, wants to join his town's fight against the dragons that continually raid their town. However, his macho father and village leader, Stoik the Vast, will not allow his small, clumsy, but inventive son to do so. Regardless, Hiccup ventures out into battle and downs a mysterious Night Fury dragon with his invention, but can't bring himself to kill it. Instead, Hiccup and the dragon, whom he dubs Toothless, begin a friendship that would open up both their worlds as the observant boy learns that his people have misjudged the species. But even as the two each take flight in their own way, they find that they must fight the destructive ignorance plaguing their world.",Nominated for 2 Oscars. 25 wins & 63 nominations total,75.0,8.1,"$217,581,231","Dean DeBlois, Chris Sanders",English,"United Kingdom, France, United States",-0.9833,0.035,0.216,0.749,0.9833,negative,15,59763.13333333333,7.61,Hidden Gem,Action
132,Blade Runner,1982,8.1,882571,"Action, Drama, Sci-Fi",117,tt0083658,https://www.imdb.com/title/tt0083658/,7.9448,"In the early twenty-first century, the Tyrell Corporation, during what was called the Nexus phase, developed robots, called ""replicants"", that were supposed to aid society, the replicants which looked and acted like humans. When the superhuman generation Nexus 6 replicants, used for dangerous off-Earth endeavors, began a mutiny on an off-Earth colony, replicants became illegal on Earth. Police units, called ""blade runners"", have the job of destroying - or in their parlance ""retiring"" - any replicant that makes its way back to or created on Earth, with anyone convicted of aiding or assisting a replicant being sentenced to death. It's now November, 2019 in Los Angeles, California. Rick Deckard, a former blade runner, is called out of retirement when four known replicants, most combat models, have made their way back to Earth, with their leader being Roy Batty. One, Leon Kowalski, tried to infiltrate his way into the Tyrell Corporation as an employee, but has since been able to escape. Beyond following Leon's trail in hopes of finding and retiring them all, Deckard believes part of what will help him is figuring out what the replicants wanted with the Tyrell Corporation in trying to infiltrate it. The answer may lie with Tyrell's fail-safe backup mechanism. Beyond tracking the four, Deckard faces a possible dilemma in encountering a fifth replicant: Rachael, who works as Tyrell's assistant. The issue is that Dr. Elden Tyrell is experimenting with her, to provide her with fake memories so as to be able to better control her. With those memories, Rachael has no idea that she is not human. The problem is not only Rachael's assistance to Deckard, but that he is beginning to develop feelings for her.",Nominated for 2 Oscars. 13 wins & 22 nominations total,84.0,8.1,"$32,914,489",Ridley Scott,"English, German, Cantonese, Japanese, Hungarian, Arabic, Korean","United States, United Kingdom, Hong Kong",0.0748,0.063,0.069,0.868,0.0748,positive,43,20524.906976744187,2.44,Overhyped,Action
133,Gran Torino,2008,8.1,863535,Drama,116,tt1205489,https://www.imdb.com/title/tt1205489/,7.9421,"Walt Kowalski (Clint Eastwood) is a widower who holds onto his prejudices despite the changes in his Michigan neighborhood and the world around him. Kowalski is a grumpy, tough-minded, unhappy old man who can't get along with either his kids or his neighbors. He is a Korean War veteran whose prize possession is a 1972 Gran Torino he keeps in mint condition. When his neighbor Thao Lor (Bee Vang), a young Hmong teenager under pressure from his gang member cousin, tries to steal his Gran Torino, Kowalski sets out to reform the youth. Drawn against his will into the life of Thao's family, Kowalski is soon taking steps to protect them from the gangs that infest their neighborhood.",21 wins & 23 nominations total,73.0,8.1,"$148,095,302",Clint Eastwood,"English, Hmong","Germany, United States",-0.8402,0.045,0.113,0.842,0.8402,negative,17,50796.17647058824,6.43,Hidden Gem,Drama
134,The Thing,1982,8.2,527184,"Horror, Mystery, Sci-Fi",109,tt0084787,https://www.imdb.com/title/tt0084787/,7.9415,"A US research station, Antarctica, early-winter 1982. The base is suddenly buzzed by a helicopter from the nearby Norwegian research station. They are trying to kill a dog that has escaped from their base. After the destruction of the Norwegian chopper the members of the US team fly to the Norwegian base, only to discover them all dead or missing. They do find the remains of a strange creature the Norwegians burned. The Americans take it to their base and deduce that it is an alien life form. After a while it is apparent that the alien can take over and assimilate into other life forms, including humans, and can spread like a virus. This means that anyone at the base could be inhabited by The Thing, and tensions escalate.",1 win & 5 nominations total,57.0,8.2,"$20,063,820",John Carpenter,"English, Norwegian",United States,-0.9509,0.017,0.134,0.849,0.9509,negative,43,12260.093023255815,1.35,Avoid,Horror
135,Howl's Moving Castle,2004,8.2,513979,"Adventure, Animation, Family",119,tt0347149,https://www.imdb.com/title/tt0347149/,7.9367,"A love story between an 18-year-old girl named Sophie, cursed by a witch into an old woman's body, and a magician named Howl. Under the curse, Sophie sets out to seek her fortune, which takes her to Howl's strange moving castle. In the castle, Sophie meets Howl's fire demon, named Karishifâ. Seeing that she is under a curse, the demon makes a deal with Sophie--if she breaks the contract he is under with Howl, then Karushifâ will lift the curse that Sophie is under, and she will return to her 18-year-old shape.",Nominated for 1 Oscar. 14 wins & 20 nominations total,82.0,8.2,"$10,352,604",Hayao Miyazaki,Japanese,"Japan, United States",-0.9001,0.039,0.162,0.799,0.9001,negative,21,24475.190476190477,2.96,Avoid,Adventure
136,North by Northwest,1959,8.3,368923,"Adventure, Drama, Mystery",136,tt0053125,https://www.imdb.com/title/tt0053125/,7.9344,"Madison Avenue advertising man Roger Thornhill is thrust into the world of spies when he is mistaken for a man named George Kaplan. Foreign spy Philip Vandamm and his henchman Leonard try to eliminate him, but when he tries to make sense of the case, he is framed for murder. Now on the run from the police, he manages to board the 20th Century Limited bound for Chicago where he meets beautiful blonde Eve Kendall, who helps him evade the authorities. His world is turned upside-down yet again when he learns that Eve isn't the innocent bystander he thought she was. Nothing is as it seems, leading to a dramatic rescue and escape at the top of Mt. Rushmore.",Nominated for 3 Oscars. 9 wins & 7 nominations total,98.0,8.3,"$66,728",Alfred Hitchcock,"English, French",United States,0.6423,0.124,0.094,0.782,0.6423,positive,66,5589.742424242424,0.47,Overhyped,Adventure
137,12 Years a Slave,2013,8.1,788113,"Biography, Drama, History",134,tt2024544,https://www.imdb.com/title/tt2024544/,7.93,"Based on an incredible true story of one man's fight for survival and freedom. In the pre-Civil War United States, Solomon Northup, a free Black man from upstate New York, is abducted and sold into slavery. Facing cruelty personified by a malevolent slave owner, as well as unexpected kindnesses, Solomon struggles not only to stay alive, but to retain his dignity. In the twelfth year of his unforgettable odyssey, Solomon's chance meeting with a Canadian abolitionist will forever alter his life.",Won 3 Oscars. 244 wins & 338 nominations total,96.0,8.1,"$56,671,993",Steve McQueen,English,"United Kingdom, United States",0.6953,0.203,0.135,0.662,0.6953,positive,12,65676.08333333333,8.39,Safe Bet,Biography
138,Fargo,1996,8.1,788029,"Crime, Drama, Thriller",98,tt0116282,https://www.imdb.com/title/tt0116282/,7.93,"Jerry works in his father-in-law's car dealership and has gotten himself in financial problems. He tries various schemes to come up with money needed for a reason that is never really explained. It has to be assumed that his huge embezzlement of money from the dealership is about to be discovered by father-in-law. When all else falls through, plans he set in motion earlier for two men to kidnap his wife for ransom to be paid by her wealthy father (who doesn't seem to have the time of day for son-in-law). From the moment of the kidnapping, things go wrong and what was supposed to be a non-violent affair turns bloody with more blood added by the minute. Jerry is upset at the bloodshed, which turns loose a pregnant sheriff from Brainerd, MN who is tenacious in attempting to solve the three murders in her jurisdiction.",Won 2 Oscars. 84 wins & 58 nominations total,88.0,8.1,"$24,611,975","Joel Coen, Ethan Coen",English,"United Kingdom, United States",-0.9001,0.041,0.109,0.85,0.9001,negative,29,27173.41379310345,3.31,Avoid,Crime
139,Citizen Kane,1941,8.2,493233,"Drama, Mystery",119,tt0033467,https://www.imdb.com/title/tt0033467/,7.9288,"A group of reporters are trying to decipher the last word ever spoken by Charles Foster Kane, the millionaire newspaper tycoon: ""Rosebud"". The film begins with a news reel detailing Kane's life for the masses, and then from there, we are shown flashbacks from Kane's life. As the reporters investigate further, the viewers see a display of a fascinating man's rise to fame, and how he eventually fell off the top of the world.",Won 1 Oscar. 16 wins & 13 nominations total,100.0,8.2,"$1,627,530",Orson Welles,"English, Italian",United States,0.802,0.104,0.0,0.896,0.802,positive,84,5871.821428571428,0.5,Overhyped,Drama
140,Trainspotting,1996,8.1,769002,"Crime, Drama",93,tt0117951,https://www.imdb.com/title/tt0117951/,7.9267,"A wild, freeform, Rabelaisian trip through the darkest recesses of Edinburgh low-life, focusing on Mark Renton and his attempt to give up his heroin habit, and how the latter affects his relationship with family and friends: Sean Connery wannabe Sick Boy, dimbulb Spud, psycho Begbie, 14-year-old girlfriend Diane, and clean-cut athlete Tommy, who's never touched drugs but can't help being curious about them...",Nominated for 1 Oscar. 23 wins & 35 nominations total,83.0,8.1,"$16,491,080",Danny Boyle,English,United Kingdom,-0.8009,0.049,0.164,0.787,0.8009,negative,29,26517.310344827587,3.23,Avoid,Crime
141,Million Dollar Baby,2004,8.1,767327,"Drama, Sport",132,tt0405159,https://www.imdb.com/title/tt0405159/,7.9264,"Wanting to learn from the best, aspiring boxer Maggie Fitzgerald (Hilary Swank) wants Frankie Dunn (Clint Eastwood) to train her. At the outset, he flatly refuses saying he has no interest in training a girl. Frankie leads a lonely existence, alienated from his only daughter and having few friends. Maggie's rough around the edges, but shows a lot of grit in the ring and he eventually relents. Maggie not only proves to be the boxer he always dreamed of having under his wing, but a friend who fills the great void he's had in his life. Maggie's career skyrockets, but an accident in the ring leads her to ask Frankie for one last favor.",Won 4 Oscars. 68 wins & 86 nominations total,86.0,8.1,"$100,492,203",Clint Eastwood,"English, Irish Gaelic, German",United States,0.9102,0.138,0.058,0.804,0.9102,positive,21,36539.380952380954,4.55,Overhyped,Drama
142,Jaws,1975,8.1,739236,"Adventure, Drama, Horror",124,tt0073195,https://www.imdb.com/title/tt0073195/,7.9212,"It's a hot summer on Amity Island, a small community whose main business is its beaches. When new Sheriff Martin Brody discovers the remains of a shark attack victim, his first inclination is to close the beaches to swimmers. This doesn't sit well with Mayor Larry Vaughn and several of the local businessmen. Brody backs down to his regret as that weekend a young boy is killed by the predator. The dead boy's mother puts out a bounty on the shark and Amity is soon swamped with amateur hunters and fisherman hoping to cash in on the reward. A local fisherman with much experience hunting sharks, Quint, offers to hunt down the creature for a hefty fee. Soon Quint, Brody and Matt Hooper from the Oceanographic Institute are at sea hunting the Great White shark. As Brody succinctly surmises after their first encounter with the creature, they're going to need a bigger boat.",Won 3 Oscars. 16 wins & 21 nominations total,87.0,8.1,"$280,083,300",Steven Spielberg,English,United States,-0.8028,0.061,0.114,0.825,0.8028,negative,50,14784.72,1.68,Avoid,Adventure
143,Project Hail Mary,2026,8.3,348738,"Adventure, Comedy, Drama",156,tt12042730,https://www.imdb.com/title/tt12042730/,7.921,"Middle school science teacher Ryland Grace (Ryan Gosling) wakes up on a spaceship light-years from home with no recollection of who he is or how he got there. As his memory returns, he begins to uncover his mission: to solve the riddle of the mysterious substance that is causing the sun to die out. He must call on his scientific knowledge and unorthodox ideas to save everything on Earth from extinction... but an unexpected friendship means he may not have to do it alone.",1 win & 5 nominations total,77.0,8.3,"$341,307,287","Phil Lord, Christopher Miller",English,United States,0.4019,0.1,0.071,0.83,0.4019,positive,1,348738.0,45.74,Safe Bet,Adventure
144,Unforgiven,1992,8.2,468580,"Drama, Western",130,tt0105695,https://www.imdb.com/title/tt0105695/,7.9188,"After escaping death by the skin of her teeth, the horribly disfigured prostitute, Delilah Fitzgerald, and her appalled and equally furious co-workers summon up the courage to seek retribution in 1880s Wyoming's dangerous town of Big Whiskey. With a hefty bounty on the perpetrators' heads, triggered by the tough Sheriff ""Little Bill"" Daggett's insufficient sense of justice, the infamous former outlaw and now destitute Kansas hog farmer, William Munny, embarks on a murderous last mission to find the men behind the hideous crime. Along with his old partner-in-crime, Ned Logan, and the brash but inexperienced young gunman, the ""Schofield Kid"", Munny enters a perilous world he has renounced many years ago, knowing that he walks right into a deadly trap; however, he still needs to find a way to raise his motherless children. Now, blood demands blood. Who is the hero, and who is the villain?",Won 4 Oscars. 52 wins & 47 nominations total,85.0,8.2,"$101,167,799",Clint Eastwood,English,United States,-0.9217,0.061,0.158,0.781,0.9217,negative,33,14199.39393939394,1.6,Avoid,Drama
145,Lawrence of Arabia,1962,8.3,341759,"Adventure, Biography, Drama",227,tt0056172,https://www.imdb.com/title/tt0056172/,7.9161,"Due to his knowledge of the native Bedouin tribes, British Lieutenant T.E. Lawrence is sent to Arabia to find Prince Faisal and serve as a liaison between the Arabs and the British in their fight against the Turks. With the aid of native Sherif Ali, Lawrence rebels against the orders of his superior officer and strikes out on a daring camel journey across the harsh desert to attack a well-guarded Turkish port.",Won 7 Oscars. 31 wins & 14 nominations total,100.0,8.3,"$45,306,425",David Lean,"English, Arabic, Turkish","United Kingdom, United States",-0.7096,0.072,0.154,0.775,0.7096,negative,63,5424.746031746032,0.44,Avoid,Adventure
146,The Avengers,2012,8.0,1560986,"Action, Sci-Fi",143,tt0848228,https://www.imdb.com/title/tt0848228/,7.916,"Loki, the adopted brother of Thor, teams-up with the Chitauri Army and uses the Tesseract's power to travel from Asgard to Midgard to plot the invasion of Earth and become a king. The director of the agency S.H.I.E.L.D., Nick Fury, sets in motion project Avengers, joining Tony Stark a.k.a. the Iron Man; Steve Rogers, a.k.a. Captain America; Bruce Banner, a.k.a. The Hulk; Thor; Natasha Romanoff, a.k.a. Black Widow; and Clint Barton, a.k.a. Hawkeye, to save the world from the powerful Loki and the alien invasion.",Nominated for 1 Oscar. 40 wins & 81 nominations total,69.0,8.0,"$623,357,910",Joss Whedon,"English, Russian",United States,0.3182,0.065,0.04,0.894,0.3182,positive,13,120075.84615384616,15.57,Safe Bet,Action
147,Vertigo,1958,8.2,458862,"Mystery, Romance, Thriller",128,tt0052357,https://www.imdb.com/title/tt0052357/,7.9147,"Following his early retirement as a detective from the San Francisco Police Department, John Ferguson - Scottie to his friends - becomes obsessed with two women in succession, those obsessions which trouble his long time friend and former fiancée, Midge Wood, a designer of women's undergarments. The first is wealthy and elegant platinum blonde Madeleine Elster, the wife of his college acquaintance Gavin Elster, who hires John to follow her in Gavin's belief that she may be a danger to herself in thinking that she has recently been possessed by the spirit of Carlotta Valdes, Madeleine's great-grandmother who she knows nothing about, but who Gavin knows committed suicide in being mentally unbalanced when she was twenty-six, Madeleine's current age. The second is Judy Barton, who John spots on the street one day. Judy is a working class girl, but what makes John obsessed with her is that, despite her working class style and her brunette hair, she is the spitting image of Madeleine, into who he tries to transform Judy. The initial question that John has is if there is some connection between Madeleine and Judy. What happens between John and individually with Madeleine and Judy is affected by the reason John took that early retirement: a recent workplace incident that showed that he is acrophobic which leads to a severe case of vertigo whenever he looks down from tall heights.",Nominated for 2 Oscars. 9 wins & 8 nominations total,100.0,8.2,"$7,863,310",Alfred Hitchcock,English,United States,-0.8807,0.049,0.082,0.869,0.8807,negative,67,6848.686567164179,0.63,Avoid,Mystery
148,Rocky,1976,8.1,690848,"Drama, Sport",120,tt0075148,https://www.imdb.com/title/tt0075148/,7.9114,"Rocky Balboa is a struggling boxer trying to make the big time, working as a debt collector for a pittance. When heavyweight champion Apollo Creed visits Philadelphia, his managers want to set up an exhibition match between Creed and a struggling boxer, touting the fight as a chance for a ""nobody"" to become a ""somebody"". The match is supposed to be easily won by Creed, but someone forgot to tell Rocky, who sees this as his only shot at the big time.",Won 3 Oscars. 23 wins & 23 nominations total,70.0,8.1,"$117,235,147",John G. Avildsen,"English, Spanish, Italian",United States,0.1154,0.102,0.097,0.801,0.1154,positive,49,14098.938775510203,1.59,Overhyped,Drama
149,Hacksaw Ridge,2016,8.1,683899,"Biography, Drama, History",139,tt2119532,https://www.imdb.com/title/tt2119532/,7.91,"The true story of Desmond T. Doss, the conscientious objector who, after the Battle of Okinawa, was awarded the Medal of Honor for his incredible bravery and regard for his fellow soldiers. Following his upbringing and how this shaped his views (especially his religious view and anti-killing stance), Doss's trials and tribulations after enlisting in the US Army (trying to become a medic) begin, preluding the hell on Earth that was Hacksaw Ridge.",Won 2 Oscars. 57 wins & 115 nominations total,71.0,8.1,"$67,209,615",Mel Gibson,"English, Japanese",United States,0.796,0.173,0.081,0.746,0.796,positive,9,75988.77777777778,9.75,Safe Bet,Biography
150,Titanic,1997,8.0,1396027,"Drama, Romance",194,tt0120338,https://www.imdb.com/title/tt0120338/,7.9073,"84 years later, a 100 year-old woman named Rose DeWitt Bukater tells the story to her granddaughter Lizzy Calvert, Brock Lovett, Lewis Bodine, Bobby Buell and Anatoly Mikailavich on the Keldysh about her life set in April 10th 1912, on a ship called Titanic when young Rose boards the departing ship with the upper-class passengers and her mother, Ruth DeWitt Bukater, and her fiancé, Caledon Hockley. Meanwhile, a drifter and artist named Jack Dawson and his best friend Fabrizio De Rossi win third-class tickets to the ship in a game. And she explains the whole story from departure until the death of Titanic on its first and last voyage April 15th, 1912 at 2:20 in the morning.",Won 11 Oscars. 126 wins & 84 nominations total,75.0,8.0,"$674,354,882",James Cameron,"English, Swedish, Italian, French","United States, Mexico",0.8074,0.087,0.03,0.882,0.8074,positive,28,49858.107142857145,6.31,Safe Bet,Drama
151,Sunset Boulevard,1950,8.4,261588,"Drama, Film-Noir",110,tt0043014,https://www.imdb.com/title/tt0043014/,7.9061,"Desperate for cash, screenwriter Joe Gillis has a chance meeting with a faded silent film star. Norma Desmond lives in her crumbling Sunset Boulevard mansion with only her butler to keep her company. She has become a sad demented recluse convinced that the outside world is clamoring for her dramatic return. Enticing him with the prospect of script work she puts him up in her mansion and he becomes ever more involved and entangled in her life.",Won 3 Oscars. 21 wins & 20 nominations total,94.0,8.4,"$299,645",Billy Wilder,English,United States,0.128,0.082,0.064,0.854,0.128,positive,75,3487.84,0.19,Overhyped,Drama
152,Guardians of the Galaxy,2014,8.0,1366815,"Action, Adventure, Comedy",121,tt2015381,https://www.imdb.com/title/tt2015381/,7.9056,"After stealing a mysterious orb in the far reaches of outer space, Peter Quill from Earth is now the main target of a manhunt led by the villain known as Ronan the Accuser. To help fight Ronan and his team and save the galaxy from his power, Quill creates a team of space heroes known as the ""Guardians of the Galaxy"" to save the galaxy.",Nominated for 2 Oscars. 52 wins & 103 nominations total,76.0,8.0,"$333,718,600",James Gunn,English,"United States, United Kingdom",0.5859,0.192,0.121,0.686,0.5859,positive,11,124255.90909090909,16.12,Safe Bet,Action
153,City Lights,1931,8.5,216648,"Comedy, Drama, Romance",87,tt0021749,https://www.imdb.com/title/tt0021749/,7.9048,A tramp falls in love with a beautiful blind girl. Her family is in financial trouble. The tramp's on-and-off friendship with a wealthy man allows him to be the girl's benefactor and suitor.,6 wins total,99.0,8.5,"$19,181",Charles Chaplin,"None, English",United States,0.8442,0.294,0.118,0.588,0.8442,positive,94,2304.7659574468084,0.03,Overhyped,Comedy
154,Dead Poets Society,1989,8.1,655598,"Comedy, Drama",128,tt0097165,https://www.imdb.com/title/tt0097165/,7.9037,"Painfully shy Todd Anderson has been sent to the school where his popular older brother was valedictorian. His roommate, Neil Perry, although exceedingly bright and popular, is very much under the thumb of his overbearing father. The two, along with their other friends, meet Professor Keating, their new English teacher, who tells them of the Dead Poets Society, and encourages them to go against the status quo. Each does so in his own way, and is changed for life.",Won 1 Oscar. 20 wins & 19 nominations total,79.0,8.1,"$95,860,116",Peter Weir,"English, Latin, French",United States,0.5859,0.152,0.102,0.746,0.5859,positive,36,18211.055555555555,2.13,Overhyped,Comedy
155,The Great Dictator,1940,8.4,258511,"Comedy, Drama, War",125,tt0032553,https://www.imdb.com/title/tt0032553/,7.9028,"20 years after the end of WWI, in which the nation of Tomainia was on the losing side, Adenoid Hynkel has risen to power as the ruthless dictator of the country. He believes in a pure Aryan state and the decimation of the Jews. This situation is unknown to a simple Jewish Tomainian barber who has been hospitalized since a WWI battle. Upon his release the barber, who had been suffering from memory loss about the war, is shown the new persecuted life of the Jews by many living in the Jewish ghetto, including a washerwoman named Hannah with whom he begins a relationship. The barber is ultimately spared such persecution by Commander Schultz, whom he saved in that WWI battle. The lives of all Jews in Tomainia are eventually spared with a policy shift by Hynkel himself, who is doing so for ulterior motives. But those motives include a desire for world domination, starting with the invasion of neighboring Osterlich, which may be threatened by Benzino Napaloni, the dictator of neighboring Bacteria. Ultimately Schultz, who has turned traitor against Hynkel's regime, and the barber may be able to join forces to take control of the situation, using Schultz's inside knowledge of the regime's workings and the barber's uncanny resemblance to one of those in power.",Nominated for 5 Oscars. 7 wins & 6 nominations total,,8.4,,Charles Chaplin,"English, Esperanto, Latin",United States,-0.7391,0.036,0.08,0.884,0.7391,negative,85,3041.3058823529414,0.13,Avoid,Comedy
156,"Lock, Stock and Two Smoking Barrels",1998,8.1,649763,"Comedy, Crime",107,tt0120735,https://www.imdb.com/title/tt0120735/,7.9023,"Four friends become entangled in a chaotic scheme after a high-stakes card game goes wrong. They navigate London's criminal underworld, facing thieves, gangsters, and double-crosses. The film blends crime, dark comedy, and intricate plotting, exploring luck, friendship, deception, and the consequences of impulsive decisions within a morally ambiguous society.",Won 1 BAFTA Award. 13 wins & 9 nominations total,67.0,8.1,"$3,753,929",Guy Ritchie,English,"United Kingdom, United States",-0.8074,0.186,0.275,0.539,0.8074,negative,27,24065.296296296296,2.9,Avoid,Comedy
157,Deadpool,2016,8.0,1256640,"Action, Comedy, Sci-Fi",108,tt1431045,https://www.imdb.com/title/tt1431045/,7.8984,"This is the origin story of former Special Forces operative turned mercenary Wade Wilson, who after being subjected to a rogue experiment that leaves him with accelerated healing powers, adopts the alter ego Deadpool. Armed with his new abilities and a dark, twisted sense of humor, Deadpool hunts down the man who nearly destroyed his life.",29 wins & 78 nominations total,65.0,8.0,"$363,070,709",Tim Miller,English,United States,0.5106,0.136,0.051,0.813,0.5106,positive,9,139626.66666666666,18.15,Safe Bet,Action
158,"Three Billboards Outside Ebbing, Missouri",2017,8.1,609207,"Comedy, Crime, Drama",115,tt5027774,https://www.imdb.com/title/tt5027774/,7.8924,"THREE BILLBOARDS OUTSIDE EBBING, MISSOURI is a darkly comic drama from Academy Award nominee Martin McDonagh (In Bruges). After months have passed without a culprit in her daughter's murder case, Mildred Hayes (Academy Award winner Frances McDormand) makes a bold move, painting three signs leading into her town with a controversial message directed at William Willoughby (Academy Award nominee Woody Harrelson), the town's revered chief of police. When his second-in-command Officer Dixon (Academy Award winner Sam Rockwell), an immature mother's boy with a penchant for violence, gets involved, the battle between Mildred and Ebbing's law enforcement is only exacerbated.",Won 2 Oscars. 132 wins & 233 nominations total,88.0,8.1,"$54,513,740",Martin McDonagh,English,"United Kingdom, United States",0.936,0.215,0.103,0.681,0.936,positive,8,76150.875,9.78,Safe Bet,Comedy
159,Monty Python and the Holy Grail,1975,8.1,603594,"Adventure, Comedy, Fantasy",91,tt0071853,https://www.imdb.com/title/tt0071853/,7.891,"History is turned on its comic head when, in tenth-century England, King Arthur travels the countryside to find knights who will join him at the Round Table in Camelot. Gathering up the men is a tale in itself but after a bit of a party at Camelot, many decide to leave only to be stopped by God, who sends them on a quest: to find the Holy Grail. After a series of individual adventures, the knights are reunited but must face a wizard named Tim the Enchanter, killer rabbits and lessons in the use of holy hand grenades. Their quest comes to an end however when the Police intervene - just what you would expect in a Monty Python movie.",2 wins & 2 nominations total,91.0,8.2,"$2,562,392","Terry Gilliam, Terry Jones","English, French, Latin, Swedish",United Kingdom,0.6808,0.111,0.07,0.819,0.6808,positive,50,12071.88,1.32,Overhyped,Adventure
160,Downfall,2004,8.2,400896,"Biography, Drama, History",156,tt0363163,https://www.imdb.com/title/tt0363163/,7.8872,"Charting the last 10 days of Hitler's life, from his 56th birthday on April 20th, 1945 to his suicide on April 30th, Downfall uses multiple characters to show the chaos of a country coming apart at the seams, from Hitler's henchman under the streets of Berlin, to the soldiers and civilians fighting and dying as the Soviet Army ravaged the city above. Nominated for an Oscar for Best Foreign Language Film in 2005.",Nominated for 1 Oscar. 22 wins & 34 nominations total,82.0,8.2,"$5,509,040",Oliver Hirschbiegel,"German, Russian, French, Hungarian, English","Germany, Austria, Italy",-0.7579,0.05,0.128,0.822,0.7579,negative,21,19090.285714285714,2.25,Avoid,Biography
161,Ford v Ferrari,2019,8.1,574283,"Action, Biography, Drama",152,tt1950186,https://www.imdb.com/title/tt1950186/,7.8831,"As Enzo Ferrari's fast Rosso-Corsa racing cars dominate the mid-1960s motorsport world, the American car designer, Carroll Shelby, is forced to retire after winning the demanding 1959 '24 Hours of Le Mans' endurance race. But, before long, an unexpected proposition by the Vice President of Henry Ford's motor company, Lee Iacocca, will offer an opportunity to beat the Italians at their own game. Now, under those pressing circumstances, the British sports car driver and racing engineer, Ken Miles, reluctantly agrees to lend a hand and improve the firm's image, as Ford's race team has less than ninety days to rewrite history. As a result, the non-conformist duo comes up with the mighty Ford GT40 Mk I high-performance racing car. Can Shelby and Miles break Ferrari's streak?",Won 2 Oscars. 26 wins & 86 nominations total,81.0,8.1,"$117,624,357",James Mangold,"English, Italian, French, Japanese",United States,0.9178,0.116,0.045,0.838,0.9178,positive,6,95713.83333333333,12.36,Safe Bet,Action
162,Dune: Part One,2021,8.0,1061101,"Action, Adventure, Drama",155,tt1160419,https://www.imdb.com/title/tt1160419/,7.8827,"A mythic and emotionally charged hero's journey, ""Dune"" tells the story of Paul Atreides, a brilliant and gifted young man born into a great destiny beyond his understanding, who must travel to the most dangerous planet in the universe to ensure the future of his family and his people. As malevolent forces explode into conflict over the planet's exclusive supply of the most precious resource in existence-a commodity capable of unlocking humanity's greatest potential-only those who can conquer their fear will survive.",Won 6 Oscars. 178 wins & 299 nominations total,74.0,8.0,"$108,897,830",Denis Villeneuve,"English, Mandarin","Canada, United States",0.9201,0.218,0.102,0.68,0.9201,positive,4,265275.25,34.73,Safe Bet,Action
163,Paths of Glory,1957,8.4,239302,"Drama, War",88,tt0050825,https://www.imdb.com/title/tt0050825/,7.881,The futility and irony of the war in the trenches in WWI is shown as a unit commander in the French army must deal with the mutiny of his men and a glory-seeking general after part of his force falls back under fire in an impossible attack.,Nominated for 1 BAFTA Award5 wins & 3 nominations total,90.0,8.4,,Stanley Kubrick,"English, German, Latin",United States,-0.8625,0.0,0.198,0.802,0.8625,negative,68,3519.1470588235293,0.19,Avoid,Drama
164,Rush,2013,8.1,560428,"Biography, Drama, Sport",123,tt1979320,https://www.imdb.com/title/tt1979320/,7.8791,"Set against the sexy, glamorous golden age of Formula 1 racing in the 1970s, the film is based on the true story of a great sporting rivalry between handsome English playboy James Hunt (Hemsworth), and his methodical, brilliant opponent, Austrian driver Niki Lauda (Bruhl). The story follows their distinctly-different personal styles on and off the track, their loves, and the astonishing 1976 season in which both drivers were willing to risk everything to become world champion in a sport with no margin for error: if you make a mistake, you die.",Won 1 BAFTA Award6 wins & 66 nominations total,74.0,8.1,"$26,947,624",Ron Howard,"English, German, Italian, French, Japanese, Spanish","United Kingdom, United States",0.9552,0.248,0.111,0.641,0.9552,positive,12,46702.333333333336,5.89,Safe Bet,Biography
165,The Martian,2015,8.0,1015755,"Adventure, Drama, Sci-Fi",144,tt3659388,https://www.imdb.com/title/tt3659388/,7.8783,"During a manned mission to Mars, Astronaut Mark Watney is presumed dead after a fierce storm and left behind by his crew. But Watney has survived and finds himself stranded and alone on the hostile planet. With only meager supplies, he must draw upon his ingenuity, wit and spirit to subsist and find a way to signal to Earth that he is alive. Millions of miles away, NASA and a team of international scientists work tirelessly to bring ""the Martian"" home, while his crewmates concurrently plot a daring, if not impossible, rescue mission. As these stories of incredible bravery unfold, the world comes together to root for Watney's safe return.",Nominated for 7 Oscars. 40 wins & 199 nominations total,80.0,8.0,"$228,433,663",Ridley Scott,"English, Mandarin","United States, United Kingdom, Hungary, Jordan",0.8919,0.162,0.09,0.747,0.8919,positive,10,101575.5,13.13,Safe Bet,Adventure
166,Das Boot,1981,8.3,288252,"Drama, War",149,tt0082096,https://www.imdb.com/title/tt0082096/,7.874,"It is 1942 and the German submarine fleet is heavily engaged in the so-called ""Battle of the Atlantic"" to harass and destroy British shipping. With better escorts of the destroyer class, however, German U-boats have begun to take heavy losses. ""Das Boot"" is the story of the crew of one such U-Boat, with the film examining how these submariners maintained their professionalism as soldiers and attempted to accomplish impossible missions, all the while attempting to understand and obey the ideology of the government under which they served.",Nominated for 6 Oscars. 15 wins & 12 nominations total,85.0,8.4,"$11,487,676",Wolfgang Petersen,"German, English, French",West Germany,-0.765,0.082,0.146,0.771,0.765,negative,44,6551.181818181818,0.59,Avoid,Drama
167,Spotlight,2015,8.1,536333,"Biography, Crime, Drama",129,tt1895587,https://www.imdb.com/title/tt1895587/,7.8719,"When the Boston Globe's tenacious ""Spotlight"" team of reporters delves into allegations of abuse in the Catholic Church, their year-long investigation uncovers a decades-long cover-up at the highest levels of Boston's religious, legal, and government establishment, touching off a wave of revelations around the world.",Won 2 Oscars. 124 wins & 145 nominations total,93.0,8.1,"$45,055,776",Tom McCarthy,English,United States,-0.7096,0.03,0.128,0.842,0.7096,negative,10,53633.3,6.8,Hidden Gem,Biography
168,The Revenant,2015,8.0,952049,"Action, Drama, Western",156,tt1663202,https://www.imdb.com/title/tt1663202/,7.8716,"While exploring uncharted wilderness in 1823, legendary frontiersman Hugh Glass sustains injuries from a brutal bear attack. When his hunting team leaves him for dead, Glass must utilize his survival skills to find a way back home while avoiding natives on their own hunt. Grief-stricken and fueled by vengeance, Glass treks through the wintry terrain to track down John Fitzgerald, the former confidant who betrayed and abandoned him.",Won 3 Oscars. 94 wins & 193 nominations total,76.0,8.0,"$184,247,394",Alejandro G. Iñárritu,"English, Pawnee, French","United States, Hong Kong, Taiwan, Argentina",-0.9678,0.0,0.252,0.748,0.9678,negative,10,95204.9,12.29,Hidden Gem,Action
169,Warrior,2011,8.1,529625,"Action, Drama, Sport",140,tt1291584,https://www.imdb.com/title/tt1291584/,7.8698,"Two brothers face the fight of a lifetime - and the wreckage of their broken family - within the brutal, high-stakes world of Mixed Martial Arts (MMA) fighting in Lionsgate's action/drama, WARRIOR. A former Marine, haunted by a tragic past, Tommy Riordan returns to his hometown of Pittsburgh and enlists his father, a recovered alcoholic and his former coach, to train him for an MMA tournament awarding the biggest purse in the history of the sport. As Tommy blazes a violent path towards the title prize, his brother, Brendan, a former MMA fighter unable to make ends meet as a public school teacher, returns to the amateur ring to provide for his family. Even though years have passed, recriminations and past betrayals keep Brendan bitterly estranged from both Tommy and his father. But when Brendan's unlikely rise as an underdog sets him on a collision course with Tommy, the two brothers must finally confront the forces that tore them apart, all the while waging the most intense, winner-takes-all battle of their lives.",Nominated for 1 Oscar. 6 wins & 22 nominations total,71.0,8.1,"$13,657,115",Gavin O'Connor,"English, Spanish",United States,-0.9473,0.038,0.135,0.826,0.9473,negative,14,37830.357142857145,4.72,Avoid,Action
170,The Help,2011,8.1,529285,Drama,146,tt1454029,https://www.imdb.com/title/tt1454029/,7.8697,"Set in Mississippi during the 1960s, Skeeter (Stone) is a southern society girl who returns from college determined to become a writer, but turns her friends' lives -- and a Mississippi town -- upside down when she decides to interview the black women who have spent their lives taking care of prominent southern families. Aibileen (Davis), Skeeter's best friend's housekeeper, is the first to open up -- to the dismay of her friends in the tight-knit black community. Despite Skeeter's life-long friendships hanging in the balance, she and Aibileen continue their collaboration and soon more women come forward to tell their stories -- and as it turns out, they have a lot to say. Along the way, unlikely friendships are forged and a new sisterhood emerges, but not before everyone in town has a thing or two to say themselves when they become unwittingly -- and unwillingly -- caught up in the changing times.",Won 1 Oscar. 79 wins & 121 nominations total,62.0,8.1,"$169,708,112",Tate Taylor,English,"United States, India",0.9681,0.149,0.036,0.815,0.9681,positive,14,37806.07142857143,4.72,Overhyped,Drama
171,Singin' in the Rain,1952,8.3,283129,"Comedy, Musical, Romance",103,tt0045152,https://www.imdb.com/title/tt0045152/,7.8695,"1927 Hollywood. Monumental Pictures' biggest stars, glamorous on-screen couple Lina Lamont and Don Lockwood, are also an off-screen couple if the trade papers and gossip columns are to be believed. Both perpetuate the public perception if only to please their adoring fans and bring people into the movie theaters. In reality, Don barely tolerates her, while Lina, despite thinking Don beneath her, simplemindedly believes what she sees on screen in order to bolster her own stardom and sense of self-importance. R.F. Simpson, Monumental's head, dismisses what he thinks is a flash in the pan: talking pictures. It isn't until The Jazz Singer (1927) becomes a bona fide hit which results in all the movie theaters installing sound equipment that R.F. knows Monumental, most specifically in the form of Don and Lina, have to jump on the talking picture bandwagon, despite no one at the studio knowing anything about the technology. Musician Cosmo Brown, Don's best friend, gets hired as Monumental's ideas man and musical director. And by this time, Don has secretly started dating Kathy Selden, a chorus girl who is trying to make it big in pictures herself. Don and Kathy's relationship is despite their less than friendly initial meeting. Cosmo and Kathy help Don, who had worked his way up through the movie ranks to stardom, try make the leap to talking picture stardom, with Kathy following along the way. However, they have to overcome the technological issues. But the bigger problem is Lina, who will do anything to ensure she also makes the successful leap into talking pictures, despite her own inabilities and at anyone and everyone else's expense if they get in her way, especially Kathy as Don's off screen girlfriend and possibly his new talking picture leading lady.",Nominated for 2 Oscars. 11 wins & 11 nominations total,99.0,8.3,"$1,884,537","Stanley Donen, Gene Kelly",English,United States,0.9344,0.075,0.016,0.91,0.9344,positive,73,3878.4794520547944,0.24,Overhyped,Comedy
172,Donnie Darko,2001,8.0,912317,"Drama, Mystery, Sci-Fi",113,tt0246578,https://www.imdb.com/title/tt0246578/,7.867,"Donnie Darko doesn't get along too well with his family, his teachers, and his classmates; but he does manage to find a sympathetic friend in Gretchen, who agrees to date him. He has a compassionate psychiatrist, who discovers hypnosis is the means to unlock hidden secrets. His other companion may not be a true ally. Donnie has a friend named Frank, a large bunny which only Donnie can see. When an engine falls off a plane and destroys his bedroom, Donnie is not there. Both the event, and Donnie's escape, seem to have been caused by supernatural events.",12 wins & 17 nominations total,88.0,8.0,"$1,478,493",Richard Kelly,English,United States,0.9355,0.193,0.066,0.741,0.9355,positive,24,38013.208333333336,4.74,Overhyped,Drama
173,Slumdog Millionaire,2008,8.0,911225,"Crime, Drama, Romance",120,tt1010048,https://www.imdb.com/title/tt1010048/,7.8668,"The story of Jamal Malik, an 18 year-old orphan from the slums of Mumbai, who is about to experience the biggest day of his life. With the whole nation watching, he is just one question away from winning a staggering 20 million rupees on India's Kaun Banega Crorepati? (2000) (Who Wants To Be A Millionaire?) But when the show breaks for the night, police arrest him on suspicion of cheating; how could a street kid know so much? Desperate to prove his innocence, Jamal tells the story of his life in the slum where he and his brother grew up, of their adventures together on the road, of vicious encounters with local gangs, and of Latika, the girl he loved and lost. Each chapter of his story reveals the key to the answer to one of the game show's questions. Each chapter of Jamal's increasingly layered story reveals where he learned the answers to the show's seemingly impossible quizzes. But one question remains a mystery: what is this young man with no apparent desire for riches really doing on the game show? When the new day dawns and Jamal returns to answer the final question, the Inspector and sixty million viewers are about to find out. At the heart of its storytelling lies the question of how anyone comes to know the things they know about life and love.",Won 8 Oscars. 154 wins & 133 nominations total,84.0,8.0,"$141,319,928","Danny Boyle, Loveleen Tandan","English, Hindi","United Kingdom, France, United States, India",0.5934,0.11,0.114,0.776,0.5934,positive,17,53601.470588235294,6.8,Safe Bet,Crime
174,The Incredibles,2004,8.0,903465,"Action, Adventure, Animation",115,tt0317705,https://www.imdb.com/title/tt0317705/,7.8659,"Bob Parr (A.K.A. Mr. Incredible), and his wife Helen (A.K.A. Elastigirl), are the world's greatest famous crime-fighting superheroes in Metroville. Always saving lives and battling evil on a daily basis. But fifteen years later, they have been forced to adopt civilian identities and retreat to the suburbs where they have no choice but to retire as superheroes to live a ""normal life"" with their three children Violet, Dash and Jack-Jack (who were secretly born with superpowers). Itching to get back into action, Bob gets his chance when a mysterious communication summons him to a remote island for a top secret assignment. He soon discovers that it will take a super family effort to rescue the world from total destruction.",Won 2 Oscars. 70 wins & 56 nominations total,90.0,8.0,"$261,441,092",Brad Bird,"English, French, German, Italian, Portuguese, Russian",United States,0.5873,0.147,0.114,0.738,0.5873,positive,21,43022.142857142855,5.4,Safe Bet,Action
175,A Separation,2011,8.3,278233,Drama,123,tt1832382,https://www.imdb.com/title/tt1832382/,7.8651,"Nader (Payman Maadi) and Simin (Leila Hatami) argue about living abroad. Simin prefers to live abroad to provide better opportunities for their only daughter, Termeh. However, Nader refuses to go because he thinks he must stay in Iran and take care of his father (Ali-Asghar Shahbazi), who suffers from Alzheimers. However, Simin is determined to get a divorce and leave the country with her daughter.",Won 1 Oscar. 89 wins & 52 nominations total,95.0,8.3,"$7,099,055",Asghar Farhadi,Persian,"Iran, France, Australia",0.6597,0.146,0.088,0.765,0.6597,positive,14,19873.785714285714,2.35,Overhyped,Drama
176,Black Swan,2010,8.0,890722,"Drama, Thriller",108,tt0947798,https://www.imdb.com/title/tt0947798/,7.8643,"Nina (Portman) is a ballerina in a New York City ballet company whose life, like all those in her profession, is completely consumed with dance. She lives with her obsessive former ballerina mother Erica (Hershey) who exerts a suffocating control over her. When artistic director Thomas Leroy (Cassel) decides to replace prima ballerina Beth MacIntyre (Ryder) for the opening production of their new season, Swan Lake, Nina is his first choice. But Nina has competition: a new dancer, Lily (Kunis), who impresses Leroy as well. Swan Lake requires a dancer who can play both the White Swan with innocence and grace, and the Black Swan, who represents guile and sensuality. Nina fits the White Swan role perfectly but Lily is the personification of the Black Swan. As the two young dancers expand their rivalry into a twisted friendship, Nina begins to get more in touch with her dark side - a recklessness that threatens to destroy her.",Won 1 Oscar. 98 wins & 279 nominations total,79.0,8.0,"$107,770,258",Darren Aronofsky,"English, French, Italian",United States,0.9711,0.169,0.052,0.78,0.9711,positive,15,59381.46666666667,7.56,Safe Bet,Drama
177,The Imitation Game,2014,8.0,879278,"Biography, Drama, Thriller",114,tt2084970,https://www.imdb.com/title/tt2084970/,7.8629,"It is based on the real life story of legendary cryptanalyst Alan Turing. The film portrays the nail-biting race against time by Turing and his brilliant team of code-breakers at Britain's top-secret Government Code and Cypher School at Bletchley Park, during the darkest days of World War II.",Won 1 Oscar. 49 wins & 167 nominations total,71.0,8.0,"$91,125,683",Morten Tyldum,"English, German",United States,-0.5106,0.068,0.127,0.805,0.5106,negative,11,79934.36363636363,10.27,Hidden Gem,Biography
178,Kill Bill: Vol. 2,2004,8.0,871414,"Action, Crime, Thriller",137,tt0378194,https://www.imdb.com/title/tt0378194/,7.8619,"Having already crossed two names from her Death List, the Bride resumes her quest for justice, taking aim at Budd and Elle Driver, the only survivors from the squad of assassins who betrayed her four years earlier. It's all leading up to the ultimate confrontation with Bill The Bride's former master and the man who ordered her execution.",23 wins & 84 nominations total,83.0,8.0,"$66,208,183",Quentin Tarantino,"English, Cantonese, Mandarin, Spanish",United States,-0.7783,0.05,0.151,0.799,0.7783,negative,21,41495.90476190476,5.2,Hidden Gem,Action
179,Gone with the Wind,1939,8.2,355924,"Drama, Romance, War",238,tt0031381,https://www.imdb.com/title/tt0031381/,7.8619,"Scarlett is a woman who can deal with a nation at war, Atlanta burning, the Union Army carrying off everything from her beloved Tara, the carpetbaggers who arrive after the war. Scarlett is beautiful. She has vitality. But Ashley, the man she has wanted for so long, is going to marry his placid cousin, Melanie. Mammy warns Scarlett to behave herself at the party at Twelve Oaks. There is a new man there that day, the day the Civil War begins. Rhett Butler. Scarlett does not know he is in the room when she pleads with Ashley to choose her instead of Melanie.",Won 8 Oscars. 26 wins & 10 nominations total,97.0,8.2,"$200,882,193",Victor Fleming,English,United States,-0.4678,0.084,0.102,0.814,0.4678,negative,86,4138.6511627906975,0.27,Avoid,Drama
180,The Exorcist,1973,8.1,498741,Horror,122,tt0070047,https://www.imdb.com/title/tt0070047/,7.8596,"A visiting actress in Washington, D.C., notices dramatic and dangerous changes in the behavior and physical make-up of her 12-year-old daughter. Meanwhile, a young priest at nearby Georgetown University begins to doubt his faith while dealing with his mother's terminal sickness. And, book-ending the story, a frail, elderly priest recognizes the necessity for a show-down with an old demonic enemy.",Won 2 Oscars. 18 wins & 21 nominations total,83.0,8.1,"$233,005,644",William Friedkin,"English, Latin, Greek, French, German, Arabic, Kurdish",United States,-0.743,0.041,0.134,0.825,0.743,negative,52,9591.173076923076,0.99,Avoid,Horror
181,To Kill a Mockingbird,1962,8.2,350916,"Crime, Drama",129,tt0056592,https://www.imdb.com/title/tt0056592/,7.8588,"Small-town Alabama, 1932. Atticus Finch (played by Gregory Peck) is a lawyer and a widower. He has two young children, Jem and Scout. Atticus Finch is currently defending Tom Robinson, a black man accused of raping a white woman. Meanwhile, Jem and Scout are intrigued by their neighbours, the Radleys, and the mysterious, seldom-seen Boo Radley in particular.",Won 3 Oscars. 14 wins & 16 nominations total,88.0,8.2,"$592,237",Robert Mulligan,English,United States,-0.6808,0.037,0.109,0.854,0.6808,negative,63,5570.0952380952385,0.46,Avoid,Crime
182,Stand by Me,1986,8.1,488166,"Adventure, Drama",89,tt0092005,https://www.imdb.com/title/tt0092005/,7.8559,"It's the summer of 1959 in Castlerock, Oregon and four 12 year-old boys - Gordie, Chris, Teddy and Vern - are fast friends. After learning of the general location of the body of a local boy who has been missing for several days, they set off into the woods to see it. Along the way, they learn about themselves, the meaning of friendship and the need to stand up for what is right.",Nominated for 1 Oscar. 6 wins & 12 nominations total,75.0,8.1,"$52,287,414",Rob Reiner,English,United States,0.5859,0.077,0.028,0.895,0.5859,positive,39,12517.076923076924,1.38,Overhyped,Adventure
183,Sin City,2005,8.0,821150,"Crime, Thriller",124,tt0401792,https://www.imdb.com/title/tt0401792/,7.8551,"Four tales of crime adapted from Frank Miller's popular comics, focusing around a muscular brute who's looking for the person responsible for the death of his beloved Goldie (Jaime King), a man fed up with Sin City's corrupt law enforcement who takes the law into his own hands after a horrible mistake, a cop who risks his life to protect a girl from a deformed pedophile and a hitman looking to make a little cash.",38 wins & 54 nominations total,74.0,8.0,"$74,103,820","Frank Miller, Quentin Tarantino, Robert Rodriguez",English,United States,-0.8402,0.116,0.2,0.684,0.8402,negative,20,41057.5,5.15,Hidden Gem,Crime
184,Room,2015,8.1,480970,"Drama, Thriller",118,tt3170832,https://www.imdb.com/title/tt3170832/,7.8533,"ROOM tells the extraordinary story of Jack, a spirited 5-year-old who is looked after by his loving and devoted mother. Like any good mother, Ma dedicates herself to keeping Jack happy and safe, nurturing him with warmth and love and doing typical things like playing games and telling stories. Their life, however, is anything but typical--they are trapped--confined to a 10-by-10-foot space that Ma has euphemistically named Room. Ma has created a whole universe for Jack within Room, and she will stop at nothing to ensure that, even in this treacherous environment, Jack is able to live a complete and fulfilling life. But as Jack's curiosity about their situation grows, and Ma's resilience reaches its breaking point, they enact a risky plan to escape, ultimately bringing them face-to-face with what may turn out to be the scariest thing yet: the real world.",Won 1 Oscar. 108 wins & 143 nominations total,86.0,8.1,"$14,677,654",Lenny Abrahamson,English,"Ireland, Canada, United Kingdom, United States",0.9148,0.178,0.049,0.773,0.9148,positive,10,48097.0,6.07,Safe Bet,Drama
185,Platoon,1986,8.1,472314,"Drama, War",120,tt0091763,https://www.imdb.com/title/tt0091763/,7.8502,"Chris Taylor is a young, naive American who gives up college and volunteers for combat in Vietnam. Upon arrival, he quickly discovers that his presence is quite nonessential, and is considered insignificant to the other soldiers, as he has not fought for as long as the rest of them and felt the effects of combat. Chris has two non-commissioned officers, the ill-tempered and indestructible Staff Sergeant Robert Barnes and the more pleasant and cooperative Sergeant Elias Grodin. A line is drawn between the two NCOs and a number of men in the platoon when an illegal killing occurs during a village raid. As the war continues, Chris himself draws towards psychological meltdown. And as he struggles for survival, he soon realizes he is fighting two battles, the conflict with the enemy and the conflict between the men within his platoon.",Won 4 Oscars. 24 wins & 16 nominations total,92.0,8.1,"$138,530,565",Oliver Stone,"English, Vietnamese","United States, United Kingdom",-0.9807,0.05,0.219,0.731,0.9807,negative,39,12110.615384615385,1.33,Avoid,Drama
186,The Wizard of Oz,1939,8.1,468343,"Adventure, Family, Fantasy",102,tt0032138,https://www.imdb.com/title/tt0032138/,7.8487,"When a tornado rips through Kansas, Dorothy Gale and her dog, Toto, are whisked away in their house to the magical Land of Oz. They follow the Yellow Brick Road toward the Emerald City to meet the Wizard, and on the way they meet a Scarecrow who wants a brain, a Tin Man who wants a heart, and a Cowardly Lion who wants courage. The Wizard asks them to bring him the Wicked Witch of the West's broom to earn his help.",Won 2 Oscars. 16 wins & 14 nominations total,92.0,8.1,"$24,668,669","Victor Fleming, George Cukor, Norman Taurog",English,United States,0.2023,0.106,0.108,0.786,0.2023,positive,86,5445.8488372093025,0.45,Overhyped,Adventure
187,La La Land,2016,8.0,765543,"Comedy, Drama, Music",128,tt3783958,https://www.imdb.com/title/tt3783958/,7.8467,"Aspiring actress serves lattes to movie stars in between auditions and jazz musician Sebastian scrapes by playing cocktail-party gigs in dingy bars. But as success mounts, they are faced with decisions that fray the fragile fabric of their love affair, and the dreams they worked so hard to maintain in each other threaten to rip them apart.",Won 6 Oscars. 246 wins & 313 nominations total,94.0,8.0,"$151,101,803",Damien Chazelle,"English, Cantonese","United States, Hong Kong",0.9022,0.218,0.079,0.703,0.9022,positive,9,85060.33333333333,10.95,Safe Bet,Comedy
188,Blade Runner 2049,2017,8.0,756596,"Action, Drama, Mystery",164,tt1856101,https://www.imdb.com/title/tt1856101/,7.8453,"Thirty years after the events of Blade Runner (1982), a new Blade Runner, L.A.P.D. Officer ""K"" (Ryan Gosling), unearths a long-buried secret that has the potential to plunge what's left of society into chaos. K's discovery leads him on a quest to find Rick Deckard (Harrison Ford), a former L.A.P.D. Blade Runner, who has been missing for thirty years.",Won 2 Oscars. 100 wins & 164 nominations total,81.0,8.0,"$92,071,675",Denis Villeneuve,English,"Spain, Canada, United States",-0.7096,0.0,0.094,0.906,0.7096,negative,8,94574.5,12.21,Hidden Gem,Action
189,Casino Royale,2006,8.0,746699,"Action, Adventure, Thriller",144,tt0381061,https://www.imdb.com/title/tt0381061/,7.8437,"James Bond (Daniel Craig) goes on his first mission as a 00. Le Chiffre (Mads Mikkelsen) is a banker to the world's terrorists. He is participating in a poker game at Montenegro, where he must win back his money, in order to stay safe amongst the terrorist market. The boss of MI6, known simply as ""M"" (Dame Judi Dench) sends Bond, along with Vesper Lynd Eva Green) to attend this game and prevent Le Chiffre from winning. Bond, using help from Felix Leiter (Jeffrey Wright), Rene Mathis (Giancarlo Giannini), and having Vesper pose as his partner, enters the most important poker game in his already dangerous career. But if Bond defeats Le Chiffre, will he and Vesper Lynd remain safe?",Won 1 BAFTA Award28 wins & 44 nominations total,80.0,8.0,"$167,445,960",Martin Campbell,"English, Serbian, German, Italian, French","United States, United Kingdom, Czech Republic, Germany, Bahamas, Italy",0.3499,0.111,0.077,0.812,0.3499,positive,19,39299.94736842105,4.91,Safe Bet,Action
190,Groundhog Day,1993,8.0,736800,"Comedy, Drama, Fantasy",101,tt0107048,https://www.imdb.com/title/tt0107048/,7.842,"A weather man is reluctantly sent to cover a story about a weather forecasting ""rat"" (as he calls it). This is his fourth year on the story, and he makes no effort to hide his frustration. On awaking the 'following' day, he discovers that it's Groundhog Day again, and again, and again. First he uses this to his advantage, then comes the realisation that he is doomed to spend the rest of eternity in the same place, seeing the same people do the same thing every day.",Won 1 BAFTA Award7 wins & 17 nominations total,72.0,8.0,"$71,107,962",Harold Ramis,"English, French, Italian",United States,-0.8625,0.021,0.132,0.847,0.8625,negative,32,23025.0,2.77,Avoid,Comedy
191,The King's Speech,2010,8.0,733658,"Biography, Drama, History",118,tt1504320,https://www.imdb.com/title/tt1504320/,7.8415,"Britain's Prince Albert must ascend the throne as King George VI, but he has a speech impediment. Knowing that the country needs her husband to be able to communicate effectively, Elizabeth hires Lionel Logue, an Australian actor and speech therapist, to help him overcome his stammer. An extraordinary friendship develops between the two men, as Logue uses unconventional means to teach the monarch how to speak with confidence.",Won 4 Oscars. 109 wins & 206 nominations total,88.0,8.0,"$138,797,449",Tom Hooper,English,"United States, United Kingdom",0.9366,0.194,0.029,0.777,0.9366,positive,15,48910.53333333333,6.18,Safe Bet,Biography
192,Her,2013,8.0,728023,"Drama, Romance, Sci-Fi",126,tt1798709,https://www.imdb.com/title/tt1798709/,7.8405,"Theodore is a lonely man in the final stages of his divorce. When he's not working as a letter writer, his down time is spent playing video games and occasionally hanging out with friends. He decides to purchase the new OS1, which is advertised as the world's first artificially intelligent operating system, ""It's not just an operating system, it's a consciousness,"" the ad states. Theodore quickly finds himself drawn in with Samantha, the voice behind his OS1. As they start spending time together they grow closer and closer and eventually find themselves in love. Having fallen in love with his OS, Theodore finds himself dealing with feelings of both great joy and doubt. As an OS, Samantha has powerful intelligence that she uses to help Theodore in ways others hadn't, but how does she help him deal with his inner conflict of being in love with an OS?",Won 1 Oscar. 83 wins & 187 nominations total,91.0,8.0,"$25,568,251",Spike Jonze,English,United States,0.9664,0.18,0.048,0.772,0.9664,positive,12,60668.583333333336,7.73,Safe Bet,Drama
193,Incendies,2010,8.3,252412,"Drama, Mystery, War",131,tt1255953,https://www.imdb.com/title/tt1255953/,7.8403,"A mother's last wishes send twins Jeanne and Simon on a journey to the Middle East in search of their tangled roots. Adapted from Wajdi Mouawad's acclaimed play, Incendies tells the powerful and moving tale of two young adults' voyage to the core of deep-rooted hatred, never-ending wars and enduring love.",Nominated for 1 Oscar. 41 wins & 20 nominations total,80.0,8.3,"$2,071,334",Denis Villeneuve,"French, Arabic, English","Canada, France",0.296,0.172,0.122,0.705,0.296,positive,15,16827.466666666667,1.95,Overhyped,Drama
194,Into the Wild,2007,8.0,696141,"Adventure, Biography, Drama",148,tt0758758,https://www.imdb.com/title/tt0758758/,7.8349,"Based on a true story. After graduating from Emory University, Christopher McCandless abandoned his possessions, gave his entire savings account to charity, and hitchhiked to Alaska to live in the wilderness. Along the way, Christopher encounters a series of characters who shape his life.",Nominated for 2 Oscars. 23 wins & 106 nominations total,73.0,8.0,"$18,354,356",Sean Penn,"English, Danish",United States,0.3818,0.113,0.06,0.827,0.3818,positive,18,38674.5,4.83,Overhyped,Adventure
195,My Neighbor Totoro,1988,8.1,432971,"Adventure, Animation, Comedy",86,tt0096283,https://www.imdb.com/title/tt0096283/,7.8346,"Two young girls, 10-year-old Satsuki and her 4-year-old sister Mei, move into a house in the country with their father to be closer to their hospitalized mother. Satsuki and Mei discover that the nearby forest is inhabited by magical creatures called Totoros (pronounced toe-toe-ro). They soon befriend these Totoros, and have several magical adventures.",5 wins & 2 nominations total,87.0,8.1,"$2,250,213",Hayao Miyazaki,Japanese,Japan,0.34,0.043,0.0,0.957,0.34,positive,37,11701.918918918918,1.27,Overhyped,Adventure
196,The Bourne Ultimatum,2007,8.0,684931,"Action, Mystery, Thriller",115,tt0440963,https://www.imdb.com/title/tt0440963/,7.8328,"Bourne is once again brought out of hiding, this time inadvertently by London-based reporter Simon Ross who is trying to unveil Operation Blackbriar--an upgrade to Project Treadstone--in a series of newspaper columns. Bourne sets up a meeting with Ross and realizes instantly they're being scanned. Information from the reporter stirs a new set of memories, and Bourne must finally, ultimately, uncover his dark past whilst dodging The Company's best efforts in trying to eradicate him.",Won 3 Oscars. 29 wins & 42 nominations total,85.0,8.0,"$227,471,070",Paul Greengrass,"English, Russian, French, Spanish, Arabic, Italian","United States, Germany, France, Spain",0.3818,0.053,0.045,0.902,0.3818,positive,18,38051.72222222222,4.75,Overhyped,Action
197,12 Monkeys,1995,8.0,680098,"Mystery, Sci-Fi, Thriller",129,tt0114746,https://www.imdb.com/title/tt0114746/,7.8319,"James Cole, a prisoner of the state in the year 2035, can earn parole if he agrees to travel back in time and thwart a devastating plague. The virus has wiped out most of the Earth's population and the remainder live underground because the air is poisonous. Returning to the year 1990, six years before the start of the plague, Cole is soon imprisoned in a psychiatric facility because his warnings sound like mad ravings. There he meets a scientist named Dr. Kathryn Railly and Jeffrey Goines, the mad son of an eminent virologist. Cole is returned by the authorities to the year 2035, and finally ends up at his intended destination in 1996. He kidnaps Dr. Railly in order to enlist her help in his quest. Cole discovers graffiti by an apparent animal rights group called the Army of the Twelve Monkeys, but as he delves into the mystery, he hears voices, loses his bearings, and doubts his own sanity. He must figure out if Goines, who seems to be a raving lunatic, holds the key to the puzzle.",Nominated for 2 Oscars. 11 wins & 25 nominations total,75.0,8.0,"$57,141,459",Terry Gilliam,"English, French, Latin, Spanish, German",United States,-0.959,0.025,0.127,0.847,0.959,negative,30,22669.933333333334,2.72,Avoid,Mystery
198,Dangal,2016,8.3,244063,"Action, Biography, Drama",161,tt5074352,https://www.imdb.com/title/tt5074352/,7.8317,"Biopic of Mahavir Singh Phogat, who taught wrestling to his daughters Babita Kumari and Geeta Phogat. Geeta Phogat was India's first female wrestler to win at the 2010 Commonwealth Games, where she won the gold medal (55 kg) while her sister Babita Kumari won the silver (51 kg).",41 wins & 38 nominations total,,8.3,"$12,391,761",Nitesh Tiwari,"Hindi, English","India, United States",0.936,0.245,0.0,0.755,0.936,positive,9,27118.11111111111,3.31,Overhyped,Action
199,Some Like It Hot,1959,8.2,304463,"Comedy, Music, Romance",121,tt0053291,https://www.imdb.com/title/tt0053291/,7.8274,"After two Chicago musicians, Joe and Jerry, witness the the St. Valentine's Day massacre, they want to get out of town and get away from the gangster responsible, Spats Colombo. They're desperate to get a gig out of town but the only job they know of is in an all-girl band heading to Florida. They show up at the train station as Josephine and Daphne, the replacement saxophone and bass players. They certainly enjoy being around the girls, especially Sugar Kane Kowalczyk who sings and plays the ukulele. Joe in particular sets out to woo her while Jerry/Daphne is wooed by a millionaire, Osgood Fielding III. Mayhem ensues as the two men try to keep their true identities hidden and Spats Colombo and his crew show up for a meeting with several other crime lords.",Won 1 Oscar. 11 wins & 13 nominations total,98.0,8.2,,Billy Wilder,"English, French",United States,0.9209,0.134,0.042,0.824,0.9209,positive,66,4613.075757575758,0.34,Overhyped,Comedy
200,The Sting,1973,8.2,302348,"Comedy, Crime, Drama",129,tt0070735,https://www.imdb.com/title/tt0070735/,7.8258,"Johnny Hooker, a small time grifter, unknowingly steals from Doyle Lonnegan, a big time crime boss, when he pulls a standard street con. Lonnegan demands satisfaction for the insult. After his partner, Luther, is killed, Hooker flees, and seeks the help of Henry Gondorff, one of Luther's contacts, who is a master of the long con. Hooker wants to use Gondorff's expertise to take Lonnegan for an enormous sum of money to even the score, since he admits he ""doesn't know enough about killing to kill him."" They devise a complicated scheme and amass a talented group of other con artists who want their share of the reparations. The stakes are high in this game, and our heroes must not only deal with Lonnegan's murderous tendencies, but also other side players who want a piece of the action. To win, Hooker and Gondorff will need all their skills...and a fair amount of confidence.",Won 7 Oscars. 18 wins & 6 nominations total,83.0,8.2,"$156,000,000",George Roy Hill,English,United States,0.7717,0.148,0.105,0.747,0.7717,positive,52,5814.384615384615,0.5,Overhyped,Comedy
201,Raging Bull,1980,8.1,410538,"Biography, Drama, Sport",129,tt0081398,https://www.imdb.com/title/tt0081398/,7.8249,"When Jake LaMotta steps into a boxing ring and obliterates his opponent, he's a prizefighter. But when he treats his family and friends the same way, he's a ticking time bomb, ready to go off at any moment. Though LaMotta wants his family's love, something always seems to come between them. Perhaps it's his violent bouts of paranoia and jealousy. This kind of rage helped make him a champ, but in real life, he winds up in the ring alone.",Won 2 Oscars. 24 wins & 28 nominations total,90.0,8.1,"$23,383,987",Martin Scorsese,English,United States,-0.6236,0.17,0.207,0.623,0.6236,negative,45,9123.066666666668,0.93,Avoid,Biography
202,Avatar,2009,7.9,1500655,"Action, Adventure, Fantasy",162,tt0499549,https://www.imdb.com/title/tt0499549/,7.8247,"When his brother is killed in a robbery, paraplegic Marine Jake Sully decides to take his place in a mission on the distant world of Pandora. There he learns of greedy corporate figurehead Parker Selfridge's intentions of driving off the native humanoid ""Na'vi"" in order to mine for the precious material scattered throughout their rich woodland. In exchange for the spinal surgery that will fix his legs, Jake gathers knowledge, of the Indigenous Race and their Culture, for the cooperating military unit spearheaded by gung-ho Colonel Quaritch, while simultaneously attempting to infiltrate the Na'vi people with the use of an ""avatar"" identity. While Jake begins to bond with the native tribe and quickly falls in love with the beautiful alien Neytiri, the restless Colonel moves forward with his ruthless extermination tactics, forcing the soldier to take a stand - and fight back in an epic battle for the fate of Pandora.",Won 3 Oscars. 91 wins & 131 nominations total,83.0,7.9,"$785,221,649",James Cameron,"English, Spanish","United States, United Kingdom",0.5106,0.09,0.082,0.828,0.5106,positive,16,93790.9375,12.1,Safe Bet,Action
203,For a Few Dollars More,1965,8.2,300548,"Drama, Western",132,tt0059578,https://www.imdb.com/title/tt0059578/,7.8245,"With his reputation preceding him after a white-knuckle duel eighteen months ago, a taciturn American bounty hunter rides into the godforsaken town of Tucumcari. After all, nothing can stop him--this time, the solitary stranger is after El Indio, a psychopathic bandit leader bent on destruction and mayhem. But the sadistic outlaw and his murderous jackals have already set their sights on robbing the impenetrable Bank of El Paso. As a result, the poncho-clad Americano has no choice but to break an unwritten personal rule: join forces with Colonel Douglas Mortimer, a hawk-eyed marksman with a hidden agenda. Now, two seasoned hunters, The Man with No Name and The Man in Black, are after the same prey. And as silent double-crosses and fragile allegiances pave the way for a bloody showdown at high noon, a question arises. Once, the nameless American risked life and limb for a fistful of dollars. Is it worth dicing with death for a few dollars more?",3 nominations total,74.0,8.2,"$15,000,000",Sergio Leone,"English, Italian","Italy, Spain, West Germany",-0.967,0.036,0.139,0.825,0.967,negative,60,5009.133333333333,0.39,Avoid,Drama
204,Zootopia,2016,8.0,639000,"Action, Adventure, Animation",108,tt2948356,https://www.imdb.com/title/tt2948356/,7.8236,"From the largest elephant to the smallest shrew, the city of Zootopia is a mammal metropolis where various animals live and thrive. When Judy Hopps becomes the first rabbit to join the police force, she quickly learns how tough it is to enforce the law. Determined to prove herself, Judy jumps at the opportunity to solve a mysterious case. Unfortunately, that means working with Nick Wilde, a wily fox who makes her job even harder.",Won 1 Oscar. 49 wins & 75 nominations total,78.0,8.0,"$341,268,248","Byron Howard, Rich Moore, Jared Bush",English,United States,0.5267,0.111,0.07,0.819,0.5267,positive,9,71000.0,9.1,Safe Bet,Action
205,Blood Diamond,2006,8.0,626638,"Adventure, Drama, Thriller",143,tt0450259,https://www.imdb.com/title/tt0450259/,7.821,"A story following Archer, a man tortured by his roots. With a strong survival instinct, he has made himself a key player in the business of conflict diamonds. Political unrest is rampant in Sierra Leone as people fight tooth for tooth. Upon meeting Solomon, and the beautiful Maddy, Archer's life changes forever as he is given a chance to make peace with the war around him.",Nominated for 5 Oscars. 8 wins & 32 nominations total,64.0,8.0,"$57,377,916",Edward Zwick,"English, Mende, Afrikaans","United States, Germany, United Kingdom, South Africa, India",0.0772,0.153,0.149,0.698,0.0772,positive,19,32980.94736842105,4.08,Overhyped,Adventure
206,The Pursuit of Happyness,2006,8.0,623308,"Biography, Drama",117,tt0454921,https://www.imdb.com/title/tt0454921/,7.8203,"Based on a true story about a man named Christopher Gardner. Gardner has invested heavily in a device known as a ""bone density scanner"". He feels like he has it made selling these devices. However, they do not sell well as they are marginally better than x-ray at a much higher price. As Gardner works to make ends meet, his wife leaves him and he loses his apartment. Forced to live out in the streets with his son, Gardner continues to sell bone density scanners while concurrently taking on an unpaid internship as a stockbroker, with slim chances for advancement to a paid position. Before he can receive pay, he needs to outshine the competition through 6 months of training, and to sell his devices to stay afloat.",Nominated for 1 Oscar. 12 wins & 26 nominations total,64.0,8.0,"$163,566,459",Gabriele Muccino,"English, Cantonese",United States,0.2944,0.07,0.062,0.868,0.2944,positive,19,32805.68421052631,4.06,Overhyped,Biography
207,Like Stars on Earth,2007,8.3,233026,"Drama, Family",162,tt0986264,https://www.imdb.com/title/tt0986264/,7.8197,"Ishaan Awasthi is an eight-year-old child whose world is filled with wonders that no one else seems to appretiate are just not important in the world of adults, who are much more interested in things like homework, marks and neatness. And Ishaan just cannot seem to get anything right in class. When he gets into far more trouble than his parents can handle, he is packed off to a boarding school to 'be disciplined'. Things are no different at his new school, and Ishaan has to contend with the added trauma of separation from his family. One day a new art teacher bursts onto the scene, Ram Shankar Nikumbh, who infects the students with joy and optimism. He breaks all the rules of 'how things are done' by asking them to think, dream and imagine, and all the children respond with enthusiasm, all except Ishaan. Nikumbh soon realizes that Ishaan is very unhappy, and he sets out to discover why. With time, patience and care, he ultimately helps Ishaan find himself.",28 wins & 18 nominations total,,8.3,"$1,223,869",Aamir Khan,"Hindi, English",India,0.9025,0.137,0.076,0.787,0.9025,positive,18,12945.888888888889,1.44,Overhyped,Drama
208,Hotel Rwanda,2004,8.1,392492,"Biography, Drama, History",121,tt0395169,https://www.imdb.com/title/tt0395169/,7.8165,"1994. In Rwanda, the classification of the native population into Hutus and Tutsis, arbitrarily done by the colonial Belgians, is now ingrained within Rwandan mentality despite the Rwandan independence. Despite the Belgians having placed the Tutsis in a higher position during the Belgian rule, they have placed the majority Hutus in power after independence. Paul Rusesabagina, a Hutu married to a Tutsi, Tatiana Rusesabagina, is the House Manager of the Hotel Des Milles Collines in Kigali. The Milles Collines, owned by Sabena (the national airline of Belgium), is a four-star hotel catering primarily to wealthy white westerners. Paul, who knows how to work the system to run the hotel effectively for its guests and for Sabena, is proud that most of the Caucasians who he meets in this professional capacity treat him with respect. After a specific incident, the relative calm between the Tutsi guerrillas and government-backed Hutu militia takes a turn. Paul's thought that the native population as a whole who are not directly involved in the conflict will be protected as the UN peacekeeping forces and thus the world is watching doesn't happen as the western world largely evacuates from Rwanda and abandons the natives. Such begins what will become a genocide of the Tutsi population. Paul, who is able to get his immediate family to the hotel which is still largely seen as a place of sanctuary, will have to use the considerable skills he has used to run the hotel as well as he has instead to keep himself, his family and any others taking refuge at the hotel alive, whether they be Hutu or Tutsi. Meanwhile, Colonel Oliver, a Canadian heading the UN peacekeeping forces, and Pat Archer with the Red Cross do what they can to assist Paul and to get people to safety first to the hotel then out of the country, while field journalists, like photographer Jack Daglish, try to bring the genocide back into the global media to have the world once again care about what is going on.",Nominated for 3 Oscars. 16 wins & 49 nominations total,79.0,8.1,"$23,530,892",Terry George,"English, French, Kinyarwanda","United States, United Kingdom, South Africa, Italy",0.985,0.106,0.013,0.881,0.985,positive,21,18690.095238095237,2.19,Overhyped,Biography
209,The Deer Hunter,1978,8.1,386344,"Drama, War",183,tt0077416,https://www.imdb.com/title/tt0077416/,7.8135,"Michael, Steven, and Nick are three best friends who enjoy going deer hunting quite often. They get enlisted to head to Vietnam to fight for their country and celebrate with a farewell party, as well as Steven marrying a pregnant woman named Angela. After the horrors during the war and edge-grabbing games of Russian Roulette that they are forced to play, Michael returns home and realizes that his deer hunting outings aren't the same as they used to be, because of the war and he eventually finds out that Steven is handicapped and Nick hasn't returned from Vietnam, and in response, he heads back there to rescue him.",Won 5 Oscars. 24 wins & 27 nominations total,90.0,8.1,"$48,979,328",Michael Cimino,"English, Vietnamese, French, Russian, Cantonese","United States, United Kingdom",0.765,0.181,0.125,0.694,0.765,positive,47,8220.08510638298,0.81,Overhyped,Drama
210,Rain Man,1988,8.0,585252,Drama,133,tt0095953,https://www.imdb.com/title/tt0095953/,7.8116,"Charles Sanford ""Charlie"" Babbit is a self-centered Los Angeles-based automobile dealer/hustler/bookie who is at war with his own life. Charlie, as a young teenager, used his father's 1949 Buick convertible without permission and as a result, he went to jail for two days on account that his father reported it stolen. It is then that Charlie learns that his estranged father died and left him from his last will and testament a huge bed of roses and the car while the remainder will of $3 Million goes into a trust fund to be distributed to someone. Charlie seemed pretty angry by this and decides to look into this matter. It seems as if that ""someone"" is Raymond, Charlie's unknown brother, an autistic savant who lives in a world of his own, resides at the Walbrook Institute. Charlie then kidnaps Raymond and decides to take him on a lust for life trip to the west coast as a threat to get the $3 Million inheritance. Raymond's acts and nagging, including repeated talks of ""Abbott &amp; Costello"", ""Four minutes till Wapner"" and refusal to fly on an airline except Qantas drives Charlie insane... and out of his selfish world into a cross-country trek of pure love and understanding that these two both have.",Won 4 Oscars. 27 wins & 26 nominations total,65.0,8.0,"$172,825,435",Barry Levinson,"English, Italian",United States,-0.9149,0.059,0.109,0.832,0.9149,negative,37,15817.621621621622,1.82,Avoid,Drama
211,Iron Man,2008,7.9,1227543,"Action, Adventure, Sci-Fi",126,tt0371746,https://www.imdb.com/title/tt0371746/,7.8104,"Tony Stark. Genius, billionaire, playboy, philanthropist. Son of legendary inventor and weapons contractor Howard Stark. When Tony Stark is assigned to give a weapons presentation to an Iraqi unit led by Lt. Col. James Rhodes, he's given a ride on enemy lines. That ride ends badly when Stark's Humvee that he's riding in is attacked by enemy combatants. He survives - barely - with a chest full of shrapnel and a car battery attached to his heart. In order to survive he comes up with a way to miniaturize the battery and figures out that the battery can power something else. Thus Iron Man is born. He uses the primitive device to escape from the cave in Iraq. Once back home, he then begins work on perfecting the Iron Man suit. But the man who was put in charge of Stark Industries has plans of his own to take over Tony's technology for other matters.",Nominated for 2 Oscars. 24 wins & 73 nominations total,79.0,7.9,"$319,034,126",Jon Favreau,"English, Persian, Urdu, Arabic, Kurdish, Hindi, Hungarian","United States, Canada",-0.6369,0.044,0.076,0.88,0.6369,negative,17,72208.41176470589,9.26,Hidden Gem,Action
212,Before Sunrise,1995,8.1,378826,"Comedy, Drama, Romance",101,tt0112471,https://www.imdb.com/title/tt0112471/,7.8098,"American tourist Jesse and French student Celine meet by chance on the train from Budapest to Vienna. Sensing that they are developing a connection, Jesse asks Celine to spend the day with him in Vienna, and she agrees. So they pass the time before his scheduled flight the next morning together. How do two perfect strangers connect so intimately over the course of a single day? What is that special thing that bonds two people so strongly? As their bond turns to love, what will happen to them the next morning when Jesse flies away?",2 wins & 7 nominations total,79.0,8.1,"$5,535,405",Richard Linklater,"English, German, French","United States, Austria",0.9492,0.166,0.0,0.834,0.9492,positive,30,12627.533333333333,1.39,Overhyped,Comedy
213,The Elephant Man,1980,8.2,281661,"Biography, Drama",124,tt0080678,https://www.imdb.com/title/tt0080678/,7.8097,"In Victorian London, Dr. Frederick Treves with the London Hospital comes across a circus sideshow attraction run by a man named Bytes called ""The Elephant Man"". In actuality, the creature on display is indeed a man, twenty-one-year-old Joseph ""John"" Merrick, who has several physical deformities, including an oversized and disfigured skull, and an oversized and disfigured right shoulder. Brutish Bytes, his ""owner"", only wants whatever he can get economically by presenting Merrick as a freak. Treves manages to bring Merrick under his care at the hospital, not without several of its own obstacles, including being questioned by those in authority since Merrick cannot be cured. Treves initially believes Bytes' assertion that mute Merrick is an imbecile, but ultimately learns that Merrick can speak and is a well-read and articulate man. As news of Merrick hits the London newspapers, he becomes a celebrated curiosity amongst London's upper class, including with Mrs. Kendal, a famed actress. Despite treated much more humanely, the question becomes whether Treves' actions are a further exploitation of Merrick. And as Merrick becomes more famous, others try to get their two-cents worth from who still remains a curiosity and a freak to most, including to Bytes, who has since lost his meal ticket.",Nominated for 8 Oscars. 11 wins & 22 nominations total,78.0,8.2,"$26,010,864",David Lynch,"English, French","United States, United Kingdom",-0.0516,0.057,0.063,0.88,0.0516,negative,45,6259.133333333333,0.55,Overhyped,Biography
214,Chinatown,1974,8.1,376682,"Drama, Mystery, Thriller",130,tt0071315,https://www.imdb.com/title/tt0071315/,7.8087,"In 1937 Los Angeles, private investigator Jake 'J.J.' Gittes specializes in cheating-spouse cases. His current target is Hollis Mulwray, high-profile chief engineer for the Los Angeles Department of Water and Power, whose wife suspects him of infidelity. In following Mulwray, Gittes witnesses some usual business dealings, such as a public meeting for construction of a new dam to create additional water supply for Los Angeles, as fresh water is vital to the growing community during the chronic drought; Mulwray opposes the dam. Eventually Gittes sees Mulwray meeting with an unknown young woman who isn't his wife. Once news of the supposed tryst between Mulwray and this woman hits the media, additional information comes to light that makes Gittes believe that Mulwray is being framed for something and that he himself is being set up. In his investigation of the issue behind Mulwray's framing and his own setup, Gittes is assisted by Mulwray's wife Evelyn, but he thinks she isn't being forthright with him. The further he gets into the investigation, the more secrets he uncovers about the Mulwrays' professional and personal dealings, including Mulwray's former business-partnership with Evelyn's father, Noah Cross. The identity of the unknown woman may be the key to uncovering the whole story.",Won 1 Oscar. 21 wins & 24 nominations total,92.0,8.1,"$29,200,000",Roman Polanski,"English, Cantonese, Spanish",United States,0.3506,0.029,0.008,0.962,0.3506,positive,51,7385.921568627451,0.7,Overhyped,Drama
215,The Great Escape,1963,8.2,277855,"Adventure, Drama, Thriller",172,tt0057115,https://www.imdb.com/title/tt0057115/,7.8066,"Based on a true story, a group of allied escape artist-type prisoners-of-war are all put in an ""escape proof"" camp. Their leader decides to try to take out several hundred all at once. The first half of the movie is played for comedy, as the prisoners mostly outwit their jailers to dig the escape tunnel. The second half is high adventure as they use planes, trains, and boats to get out of occupied Europe.",Nominated for 1 Oscar. 3 wins & 12 nominations total,86.0,8.2,,John Sturges,"English, German, French, Russian, Spanish",United States,0.8316,0.179,0.039,0.782,0.8316,positive,62,4481.532258064516,0.32,Overhyped,Adventure
216,The Apartment,1960,8.3,219898,"Comedy, Drama, Romance",125,tt0053604,https://www.imdb.com/title/tt0053604/,7.8047,"As of November 1, 1959, mild mannered C.C. Baxter has been working at Consolidated Life, an insurance company, for close to four years, and is one of close to thirty-two thousand employees located in their Manhattan head office. To distinguish himself from all the other lowly cogs in the company in the hopes of moving up the corporate ladder, he often works late, but only because he can't get into his apartment, located off of Central Park West, since he has provided it to a handful of company executives - Mssrs. Dobisch, Kirkeby, Vanderhoff and Eichelberger - on a rotating basis for their extramarital liaisons in return for a good word to the personnel director, Jeff D. Sheldrake. When Baxter is called into Sheldrake's office for the first time, he learns that it isn't just to be promoted as he expects, but also to add married Sheldrake to the list to who he will lend his apartment. Dobisch, Kirkeby, Vanderhoff and Eichelberger are now feeling neglected as Baxter no longer needs their assistance in moving up.",Won 5 Oscars. 25 wins & 8 nominations total,94.0,8.3,"$18,600,000",Billy Wilder,English,United States,0.3182,0.059,0.047,0.894,0.3182,positive,65,3383.0461538461536,0.18,Overhyped,Comedy
217,Hachi: A Dog's Tale,2009,8.1,343736,"Biography, Drama, Family",93,tt1028532,https://www.imdb.com/title/tt1028532/,7.7911,"Commuting by train, music professor Parker Wilson finds an Akita puppy, whose cage broke unnoticed during shipping, leaving his destination unknown, and since the station can't care for it and the dog catcher warns even such cute ones may not be adopted in the two weeks allowed, he kindly takes it home. His bossy, jealous wife Cate initially makes Parker swear it won't stay, but by the time its' clear nobody will claim him and an adoption candidate is found, she agrees to keep the dog, who won over their daughter Andy and her fiance Michael at first sight. Parker's Japanese college friend Ken inspires naming the pup Hachi(ko), and is pleasantly surprised when Parker successfully tackles the challenge to get it to fetch, which Akitas don't usually do. Hachi makes a habit of waiting for his equally doting master at the station every evening, but after a cardiac crisis, Parker dies. Hachi refuses to accept this, being moved to Michael's home as Cate moves out, waiting for a master who can never come home again, by now collectively adopted by sympathizing town-folk. The story is told in flashbacks as class assignment 'my hero' by Michael's teen son Robbie, who also gets an Akita puppy.",1 nomination total,,8.1,,Lasse Hallström,"English, Japanese","United Kingdom, United States",0.9859,0.179,0.056,0.765,0.9859,positive,16,21483.5,2.56,Overhyped,Biography
218,Beauty and the Beast,1991,8.0,506150,"Animation, Family, Fantasy",84,tt0101414,https://www.imdb.com/title/tt0101414/,7.7904,"Having lived a life in selfishness, young Prince Adam is cursed by a mysterious enchantress to having the appearance of a monstrous beast. His only hope is to learn to love a young woman and earn her love in return in order to redeem himself. Ten years later, his chance shows itself when a young maiden named Belle (Paige O'Hara) offers to take her ill father Maurice's (Rex Everhart's) place as his prisoner. With help from the castle's enchanted staff, Belle learns to appreciate her captor and immediately falls in love with him. Back in the village however, unscrupulous hunter Gaston (Richard White) has his own plans for Belle.",Won 2 Oscars. 34 wins & 32 nominations total,95.0,8.0,"$218,967,620","Gary Trousdale, Kirk Wise","English, French","United States, Japan",0.9477,0.192,0.068,0.74,0.9477,positive,34,14886.764705882353,1.69,Overhyped,Animation
219,Aladdin,1992,8.0,501468,"Adventure, Animation, Comedy",90,tt0103639,https://www.imdb.com/title/tt0103639/,7.789,"Aladdin is a poor street urchin who spends his time stealing food from the marketplace in the city of Agrabah. His adventures begin when he meets a young girl who happens to be Princess Jasmine, who is forced to be married by her wacky yet estranged father. Aladdin's luck suddenly changes when he retrieves a magical lamp from the Cave of Wonders. What he unwittingly gets is a fun-loving genie who only wishes to have his freedom. Little do they know is that the Sultan's sinister advisor Jafar has his own plans for both Aladdin and the lamp.",Won 2 Oscars. 36 wins & 22 nominations total,86.0,8.0,"$217,350,219","Ron Clements, John Musker",English,United States,-0.5423,0.097,0.119,0.783,0.5423,negative,33,15196.0,1.73,Avoid,Adventure
220,The Princess Bride,1987,8.0,486539,"Adventure, Comedy, Family",98,tt0093779,https://www.imdb.com/title/tt0093779/,7.7845,"An elderly man reads the book ""The Princess Bride"" to his sick and thus currently bedridden adolescent grandson, the reading of the book which has been passed down within the family for generations. The grandson is sure he won't like the story, with a romance at its core, he prefers something with lots of action and ""no kissing"", but he lets grandfather continue, because he doesn't want to hurt his feelings. The story centers on Buttercup, a former farm girl who has been chosen as the princess bride to Prince Humperdinck of Florian. Buttercup does not love him, she who still laments the death of her one true love, Westley, five years ago. Westley was a hired hand on the farm, his stock answer of ""as you wish"" to any request she made of him which she came to understand was his way of saying that he loved her. But Westley went away to sea, only to be killed by the Dread Pirate Roberts. On a horse ride to clear her mind of her upcoming predicament of marriage, Buttercup is kidnapped by a band of bandits: Vizzini who works on his wits, and his two associates, a giant named Fezzik who works on his brawn, and a Spaniard named Inigo Montoya, who has trained himself his entire life to be an expert swordsman. They in turn are chased by the Dread Pirate Roberts himself. But chasing them all is the Prince, and his men led by Count Tyrone Rugen. What happens to these collectives is dependent partly on Buttercup, who does not want to marry the Prince, and may see other options as lesser evils, and partly on the other motives of individuals within the groups. But a larger question is what the grandson will think of the story as it proceeds and at its end, especially as he sees justice as high a priority as action.",Nominated for 1 Oscar. 7 wins & 11 nominations total,78.0,8.0,"$30,857,814",Rob Reiner,English,United States,0.4293,0.109,0.104,0.788,0.4293,positive,38,12803.657894736842,1.42,Overhyped,Adventure
221,Thor: Ragnarok,2017,7.9,897370,"Action, Adventure, Comedy",130,tt3501632,https://www.imdb.com/title/tt3501632/,7.7834,"Imprisoned on the other side of the universe, the mighty Thor finds himself in a deadly gladiatorial contest that puts him against The Incredible Hulk, his former ally and fellow Avenger. Thor's quest for survival leads him in a race against time to prevent the all-powerful Hela from destroying his home world and the Asgardian civilization.",6 wins & 50 nominations total,74.0,7.9,"$315,058,289",Taika Waititi,English,United States,-0.7579,0.018,0.109,0.873,0.7579,negative,8,112171.25,14.53,Hidden Gem,Action
222,Knives Out,2019,7.9,880098,"Comedy, Crime, Drama",130,tt8946378,https://www.imdb.com/title/tt8946378/,7.7815,"When renowned crime novelist Harlan Thrombey (Christopher Plummer) is found dead at his estate just after his 85th birthday, the inquisitive and debonair Detective Benoit Blanc (Daniel Craig) is mysteriously enlisted to investigate. From Harlan's disfunctional family to his devoted staff, Blanc sifts through a web of red herrings and self-serving lies to uncover the truth behind Harlan's untimely death.",Nominated for 1 Oscar. 52 wins & 114 nominations total,82.0,7.9,"$165,363,234",Rian Johnson,English,United States,-0.8402,0.113,0.193,0.693,0.8402,negative,6,146683.0,19.08,Hidden Gem,Comedy
223,Arrival,2016,7.9,866405,"Drama, Mystery, Sci-Fi",116,tt2543164,https://www.imdb.com/title/tt2543164/,7.78,"Linguistics professor Louise Banks leads an elite team of investigators when gigantic spaceships touchdown in 12 locations around the world. As nations teeter on the verge of global war, Banks and her crew must race against time to find a way to communicate with the extraterrestrial visitors. Hoping to unravel the mystery, she takes a chance that could threaten her life and quite possibly all of mankind.",Won 1 Oscar. 71 wins & 268 nominations total,81.0,7.9,"$100,546,139",Denis Villeneuve,"English, Mandarin, Russian","Canada, United States",-0.4019,0.065,0.087,0.848,0.4019,negative,9,96267.22222222222,12.43,Hidden Gem,Drama
224,The Father,2020,8.2,246065,"Drama, Mystery",97,tt10272386,https://www.imdb.com/title/tt10272386/,7.7786,"Having just scared off his recent caregiver, Anthony, an ailing, octogenarian Londoner gradually succumbing to dementia, feels abandoned when concerned Anne, his daughter, tells him she's moving to Paris. Confused and upset, against the backdrop of a warped perspective and his rapid, heart-rending mental decline, Anthony is starting to lose his grip on reality, struggling to navigate the opaque landscape of present and past. Now, as faded memories and glimpses of lucidity trigger sudden mood swings, dear ones, Anthony's surroundings, and even time itself become distorted. Why has his younger daughter stopped visiting? Who are the strangers that burst in on Anthony?",Won 2 Oscars. 39 wins & 171 nominations total,88.0,8.2,"$2,122,771",Florian Zeller,English,"United Kingdom, France, United States",-0.949,0.022,0.182,0.796,0.949,negative,5,49213.0,6.22,Hidden Gem,Drama
225,The Secret in Their Eyes,2009,8.2,242838,"Drama, Mystery, Romance",129,tt1305806,https://www.imdb.com/title/tt1305806/,7.7755,"In 1999, retired Argentinian federal justice agent Benjamín Espósito is writing a novel, using an old closed case as the source material. That case is the brutal rape and murder of Liliana Coloto. In addition to seeing the extreme grief of the victim's husband Ricardo Morales, Benjamín, his assistant Pablo Sandoval, and newly hired department chief Irene Menéndez-Hastings were personally affected by the case as Benjamín and Pablo tracked the killer, hence the reason why the unsatisfactory ending to the case has always bothered him. Despite the department already having two other suspects, Benjamín and Pablo ultimately were certain that a man named Isidoro Gómez is the real killer. Although he is aware that historical accuracy is not paramount for the novel, the process of revisiting the case is more an issue of closure for him. He tries to speak to the key players in the case, most specifically Irene, who still works in the justice department and who he has always been attracted to but never pursued due to the differences in their ages and social classes. The other issue is that Gómez is still at large, no one aware if he is alive or dead. But as Pablo at the time mentioned that passion is one thing that cannot be changed in behavior, Benjamín learns now that that premise still holds true.",Won 1 Oscar. 53 wins & 43 nominations total,80.0,8.2,"$6,391,436",Juan José Campanella,Spanish,"Argentina, Spain",-0.7874,0.087,0.114,0.799,0.7874,negative,16,15177.375,1.73,Avoid,Drama
226,Before Sunset,2004,8.1,316056,"Drama, Romance",80,tt0381681,https://www.imdb.com/title/tt0381681/,7.7745,"Early thirty-something American Jesse Wallace is in a Paris bookstore, the last stop on a tour to promote his best selling book, This Time. Although he is vague to reporters about the source material for the book, it is about his chance encounter nine years earlier on June 15-16, 1994 with a Parisienne named Celine, and the memorable and romantic day and evening they spent together in Vienna. At the end of their encounter at the Vienna train station, which is also how the book ends, they, not providing contact information to the other, vowed to meet each other again in exactly six months at that very spot. As the media scrum at the bookstore nears its conclusion, Jesse spots Celine in the crowd, she who only found out about the book when she earlier saw his photograph promoting this public appearance. Much like their previous encounter, Jesse and Celine, who is now an environmental activist, decide to spend time together until he is supposed to catch his flight back to New York, this time only being about an hour. Beyond the issue of the six month meeting, what has happened in their lives in the intervening nine years, and their current lives, they once again talk about their philosophies of life and love, this time with the knowledge of their day together and how it shaped what has happened to them.",Nominated for 1 Oscar. 10 wins & 32 nominations total,91.0,8.1,"$5,820,649",Richard Linklater,"English, French",United States,0.9524,0.084,0.015,0.902,0.9524,positive,21,15050.285714285714,1.71,Overhyped,Drama
227,Shrek,2001,7.9,812242,"Adventure, Animation, Comedy",90,tt0126029,https://www.imdb.com/title/tt0126029/,7.7736,"When a green ogre named Shrek discovers his swamp has been 'swamped' with all sorts of fairytale creatures by the scheming Lord Farquaad, Shrek sets out with a very loud donkey by his side to 'persuade' Farquaad to give Shrek his swamp back. Instead, a deal is made. Farquaad, who wants to become the King, sends Shrek to rescue Princess Fiona, who is awaiting her true love in a tower guarded by a fire-breathing dragon. But once they head back with Fiona, it starts to become apparent that not only does Shrek, an ugly ogre, begin to fall in love with the lovely princess, but Fiona is also hiding a huge secret.",Won 1 Oscar. 40 wins & 60 nominations total,84.0,7.9,"$268,698,241","Andrew Adamson, Vicky Jenson",English,United States,0.9239,0.156,0.055,0.789,0.9239,positive,24,33843.416666666664,4.19,Overhyped,Adventure
228,Edge of Tomorrow,2014,7.9,806437,"Action, Adventure, Sci-Fi",113,tt1631867,https://www.imdb.com/title/tt1631867/,7.7728,"An alien race has hit the Earth in an unrelenting assault, unbeatable by any military unit in the world. Major William Cage (Cruise) is an officer who has never seen a day of combat when he is unceremoniously dropped into what amounts to a suicide mission. Killed within minutes, Cage now finds himself inexplicably thrown into a time loop-forcing him to live out the same brutal combat over and over, fighting and dying again...and again. But with each battle, Cage becomes able to engage the adversaries with increasing skill, alongside Special Forces warrior Rita Vrataski (Blunt). And, as Cage and Vrataski take the fight to the aliens, each repeated encounter gets them one step closer to defeating the enemy!",11 wins & 38 nominations total,71.0,7.9,"$100,206,256",Doug Liman,English,"United States, Canada, India, Australia",-0.9741,0.046,0.23,0.724,0.9741,negative,11,73312.45454545454,9.4,Hidden Gem,Action
229,Soul,2020,8.0,450608,"Adventure, Animation, Comedy",100,tt2948372,https://www.imdb.com/title/tt2948372/,7.7726,"Joe is a middle-school band teacher whose life hasn't quite gone the way he expected. His true passion is jazz and he's good. But when he travels to another realm to help someone find their passion, he soon discovers what it means to have soul.",Won 2 Oscars. 125 wins & 91 nominations total,83.0,8.0,"$946,154","Pete Docter, Kemp Powers","English, Korean, Inuktitut",United States,0.9081,0.251,0.0,0.749,0.9081,positive,5,90121.6,11.62,Safe Bet,Adventure
230,Klaus,2019,8.2,237923,"Adventure, Animation, Comedy",96,tt4729430,https://www.imdb.com/title/tt4729430/,7.7708,"When Jesper (Jason Schwartzman) distinguishes himself as the postal academy's worst student, he is stationed on a frozen island above the Arctic Circle, where the feuding locals hardly exchange words let alone letters. Jesper is about to give up when he finds an ally in local teacher Alva (Rashida Jones), and discovers Klaus (Oscar® winner J.K. Simmons), a mysterious carpenter who lives alone in a cabin full of handmade toys. These unlikely friendships return laughter to Smeerensburg, forging a new legacy of generous neighbors, magical lore and stockings hung by the chimney with care. An animated Christmas comedy directed by Despicable Me co-creator Sergio Pablos, KLAUS co-stars Rashida Jones, Jason Schwartzman and JK Simmons.",Nominated for 1 Oscar. 11 wins & 26 nominations total,65.0,8.2,,"Sergio Pablos, Carlos Martínez López","English, Saami","Spain, United Kingdom, United States, Austria, Canada, France",0.8893,0.156,0.079,0.765,0.8893,positive,6,39653.833333333336,4.96,Safe Bet,Adventure
231,X-Men: Days of Future Past,2014,7.9,788994,"Action, Adventure, Sci-Fi",132,tt1877832,https://www.imdb.com/title/tt1877832/,7.7706,"In the future, the mutants and the humans who help them are slaughtered by powerful robots named Sentinels. Professor Xavier, Wolverine, Magneto, Storm, Kitty Pryde, and her friends meet at a monastery in China and Xavier explains that the invincible Sentinels were created using the DNA of Mystique that was captured in 1973 when she tried to assassinate their creator Dr. Bolivar Trask. Xavier tells that their only chance is return to 1973 using Pryde's ability to join Charles Xavier and Erik Lehnsherr to convince Mystique to give up her intention. However, only Wolverine can withstand the damages of the time travel. Will he succeed in stopping Mystique and the Sentinel Program, and save the mutants and their human friends from annihilation?",Nominated for 1 Oscar. 16 wins & 48 nominations total,75.0,7.9,"$233,921,534",Bryan Singer,"English, Vietnamese, French, Russian","United Kingdom, United States, Canada",0.9758,0.22,0.031,0.748,0.9758,positive,11,71726.72727272728,9.19,Safe Bet,Action
232,Harry Potter and the Prisoner of Azkaban,2004,7.9,768527,"Adventure, Family, Fantasy",142,tt0304141,https://www.imdb.com/title/tt0304141/,7.7679,"Harry Potter (Daniel Radcliffe) is having a tough time with his relatives (yet again). He runs away after using magic to inflate Uncle Vernon's (Richard Griffiths') sister Marge (Pam Ferris), who was being offensive towards Harry's parents. Initially scared for using magic outside the school, he is pleasantly surprised that he won't be penalized after all. However, he soon learns that a dangerous criminal and Voldemort's trusted aide Sirius Black (Gary Oldman) has escaped from Azkaban Prison and wants to kill Harry to avenge the Dark Lord. To worsen the conditions for Harry, vile creatures called Dementors are appointed to guard the school gates and inexplicably happen to have the most horrible effect on him. Little does Harry know that by the end of this year, many holes in his past (whatever he knows of it) will be filled up and he will have a clearer vision of what the future has in store.",Nominated for 2 Oscars. 17 wins & 56 nominations total,82.0,7.9,"$250,657,586",Alfonso Cuarón,"English, Latin, Old English","United Kingdom, United States",-0.975,0.055,0.181,0.764,0.975,negative,21,36596.52380952381,4.56,Avoid,Adventure
233,Monty Python's Life of Brian,1979,8.0,434214,Comedy,94,tt0079470,https://www.imdb.com/title/tt0079470/,7.7667,"The story of Brian of Nazareth (Graham Chapman), born on the same day as Jesus of Nazareth, who takes a different path in life that leads to the same conclusion. Brian joins a political resistance movement aiming to get the Romans out of Judea. Brian scores a victory of sorts when he manages to paint political slogans on an entire wall in the city of Jerusalem. The movement is not very effective but somehow Brian becomes a prophet and gathers his own following. His fate is sealed however and he lives a very short life.",,77.0,8.0,"$20,206,622",Terry Jones,"English, Latin",United Kingdom,-0.2229,0.0,0.02,0.98,0.2229,negative,46,9439.434782608696,0.97,Avoid,Comedy
234,District 9,2009,7.9,753494,"Action, Sci-Fi, Thriller",112,tt1136608,https://www.imdb.com/title/tt1136608/,7.7658,"In 1982, a massive star ship bearing a bedraggled alien population, nicknamed ""The Prawns,"" appeared over Johannesburg, South Africa. Twenty-eight years later, the initial welcome by the human population has faded. The refugee camp where the aliens were located has deteriorated into a militarized ghetto called District 9, where they are confined and exploited in squalor. In 2010, the munitions corporation, Multi-National United, is contracted to forcibly evict the population with operative Wikus van der Merwe in charge. In this operation, Wikus is exposed to a strange alien chemical and must rely on the help of his only two new 'Prawn' friends.",Nominated for 4 Oscars. 32 wins & 117 nominations total,81.0,7.9,"$115,646,235",Neill Blomkamp,"English, Nyanja, Afrikaans, Zulu, Xhosa, Sotho","South Africa, United States, New Zealand, Canada",0.7579,0.103,0.054,0.843,0.7579,positive,16,47093.375,5.94,Safe Bet,Action
235,The Wild Robot,2024,8.2,226712,"Adventure, Animation, Family",102,tt29623480,https://www.imdb.com/title/tt29623480/,7.7595,"After a shipwreck, an intelligent robot called Roz is stranded on an uninhabited island. To survive the harsh environment, Roz bonds with the island's animals and cares for an orphaned baby goose.",Nominated for 3 Oscars. 94 wins & 109 nominations total,85.0,8.2,"$143,901,945",Chris Sanders,"English, German, French, Spanish, Swahili, Japanese","United States, Japan",0.4767,0.158,0.077,0.765,0.4767,positive,1,226712.0,29.64,Safe Bet,Adventure
236,The Sound of Music,1965,8.1,291406,"Biography, Drama, Family",174,tt0059742,https://www.imdb.com/title/tt0059742/,7.7582,"In 1930's Austria, a young woman named Maria (Dame Julie Andrews) is failing miserably in her attempts to become a nun. When Navy Captain Georg Von Trapp (Christopher Plummer) writes to the convent asking for a governess that can handle his seven mischievous children, Maria is given the job. The Captain's wife is dead, and he is often away, and runs the household as strictly as he does the ships he sails on. The children are unhappy and resentful of the governesses that their father keeps hiring, and have managed to run each of them off one by one. When Maria arrives, she is initially met with the same hostility, but her kindness, understanding, and sense of fun soon draws them to her and brings some much-needed joy into all their lives - including the Captain's. Eventually he and Maria find themselves falling in love, even though the Captain is already engaged to a Baroness named Elsa and Maria is still a postulant. The romance makes them both start questioning the decisions they have made. Their personal conflicts soon become overshadowed, however, by world events. Austria is about to come under the control of Germany, and the Captain may soon find himself drafted into the German Navy and forced to fight against his own country.",Won 5 Oscars. 19 wins & 13 nominations total,63.0,8.1,"$160,888,776",Robert Wise,"English, German",United States,0.8201,0.11,0.108,0.782,0.8201,positive,60,4856.766666666666,0.37,Overhyped,Biography
237,Life of Pi,2012,7.9,701323,"Adventure, Drama, Fantasy",127,tt0454876,https://www.imdb.com/title/tt0454876/,7.758,"In Canada, a writer visits the Indian storyteller Pi Patel and asks him to tell his life story. Pi tells the story of his childhood in Pondicherry, India, and the origin of his nickname. One day, his father, a zoo owner, explains that the municipality is no longer supporting the zoo and he has hence decided to move to Canada, where the animals the family owns would also be sold. They board on a Japanese cargo ship with the animals and out of the blue, there is a storm, followed by a shipwrecking. Pi survives in a lifeboat with a zebra, an orangutan, a hyena and a male Bengal tiger nicknamed Richard Parker. They are adrift in the Pacific Ocean, with aggressive hyena and Richard Parker getting hungry. Pi needs to find a way to survive.",Won 4 Oscars. 81 wins & 134 nominations total,79.0,7.9,"$124,987,023",Ang Lee,"English, Hindi, Japanese, French","United States, Taiwan, United Kingdom, Canada, India, France",-0.6377,0.0,0.045,0.955,0.6377,negative,13,53947.92307692308,6.85,Hidden Gem,Adventure
238,Toy Story 2,1999,7.9,670408,"Adventure, Animation, Comedy",92,tt0120363,https://www.imdb.com/title/tt0120363/,7.753,"While Andy is away at summer camp Woody has been toynapped by Al McWiggin, a greedy collector and proprietor of ""Al's Toy Barn""! In this all-out rescue mission, Buzz and his friends Mr. Potato Head, Slinky Dog, Rex and Hamm springs into action to rescue Woody from winding up as a museum piece. They must find a way to save him before he gets sold in Japan forever and they'll never see him again!",Nominated for 1 Oscar. 21 wins & 27 nominations total,88.0,7.9,"$245,852,179","John Lasseter, Ash Brannon, Lee Unkrich",English,United States,0.9039,0.159,0.027,0.814,0.9039,positive,26,25784.923076923078,3.13,Overhyped,Adventure
239,Bohemian Rhapsody,2018,7.9,648234,"Biography, Drama, Music",134,tt1727824,https://www.imdb.com/title/tt1727824/,7.7491,"Bohemian Rhapsody is a foot-stomping celebration of Queen, their music and their extraordinary lead singer Freddie Mercury. Freddie defied stereotypes and shattered convention to become one of the most beloved entertainers on the planet. The film traces the meteoric rise of the band through their iconic songs and revolutionary sound. They reach unparalleled success, but in an unexpected turn Freddie, surrounded by darker influences, shuns Queen in pursuit of his solo career. Having suffered greatly without the collaboration of Queen, Freddie manages to reunite with his bandmates just in time for Live Aid. While bravely facing a recent AIDS diagnosis, Freddie leads the band in one of the greatest performances in the history of rock music. Queen cements a legacy that continues to inspire outsiders, dreamers and music lovers to this day.",Won 4 Oscars. 50 wins & 80 nominations total,49.0,7.9,"$216,668,042",Bryan Singer,"English, British Sign ","United Kingdom, United States",0.9678,0.175,0.041,0.784,0.9678,positive,7,92604.85714285714,11.95,Safe Bet,Biography
240,Star Trek,2009,7.9,638841,"Action, Adventure, Sci-Fi",127,tt0796366,https://www.imdb.com/title/tt0796366/,7.7474,"On the day of James T. Kirk's birth, his father dies on his damaged starship in a last stand against a Romulan mining vessel looking for Ambassador Spock, who in this time, has grown on Vulcan disdained by his neighbors for his half-human heritage. 25 years later, James T. Kirk has grown into a young rebellious troublemaker. Challenged by Captain Christopher Pike to realize his potential in Starfleet, he comes to annoy academy instructors like Commander Spock. Suddenly, there is an emergency on Vulcan and the newly-commissioned USS Enterprise is crewed with promising cadets like Nyota Uhura, Hikaru Sulu, Pavel Chekov and even Kirk himself, thanks to Leonard McCoy's medical trickery. Together, this crew will have an adventure in the final frontier where the old legend is altered forever as a new version of the legend begins.",Won 1 Oscar. 27 wins & 95 nominations total,82.0,7.9,"$257,730,019",J.J. Abrams,English,"Germany, United States",-0.4939,0.083,0.11,0.806,0.4939,negative,16,39927.5625,5.0,Hidden Gem,Action
241,Ben-Hur,1959,8.1,271257,"Adventure, Drama",212,tt0052618,https://www.imdb.com/title/tt0052618/,7.7436,"Judah Ben-Hur lives as a rich Jewish prince and merchant in Jerusalem at the beginning of the 1st century. Together with the new governor his old friend Messala arrives as commanding officer of the Roman legions. At first they are happy to meet after a long time but their different politic views separate them. During the welcome parade a roof tile falls down from Judah's house and injures the governor. Although Messala knows they are not guilty, he sends Judah to the galleys and throws his mother and sister into prison. But Judah swears to come back and take revenge.",Won 11 Oscars. 29 wins & 13 nominations total,90.0,8.1,"$74,432,704",William Wyler,English,United States,0.4585,0.13,0.078,0.792,0.4585,positive,66,4109.954545454545,0.27,Overhyped,Adventure
242,Scent of a Woman,1992,8.0,372375,Drama,156,tt0105323,https://www.imdb.com/title/tt0105323/,7.7415,"Frank is a retired Lt. Col. in the US Army. He's blind and impossible to get along with. Charlie is at school and is looking forward to going to university; to help pay for a trip home for Christmas, he agrees to look after Frank over Thanksgiving. Frank's niece says this will be easy money, but she didn't reckon on Frank spending his Thanksgiving in New York.",Won 1 Oscar. 6 wins & 14 nominations total,57.0,8.0,"$63,095,253",Martin Brest,English,United States,0.2846,0.074,0.043,0.883,0.2846,positive,33,11284.09090909091,1.22,Overhyped,Drama
243,Memories of Murder,2003,8.1,268387,"Crime, Drama, Mystery",131,tt0353969,https://www.imdb.com/title/tt0353969/,7.7414,"In 1986, in the province of Gyunggi, in South Korea, a second young and beautiful woman is found dead, raped and tied and gagged with her underwear. Detective Park Doo-Man and Detective Cho Yong-koo, two brutal and stupid local detectives without any technique, investigate the murder using brutality and torturing the suspects, without any practical result. The Detective Seo Tae-Yoon from Seoul comes to the country to help the investigations and is convinced that a serial-killer is killing the women. When a third woman is found dead in the same ""modus-operandi"", the detectives find leads of the assassin.",34 wins & 13 nominations total,82.0,8.1,"$15,357",Bong Joon Ho,"Korean, English",South Korea,-0.9884,0.068,0.313,0.619,0.9884,negative,22,12199.40909090909,1.34,Avoid,Crime
244,The Perks of Being a Wallflower,2012,7.9,598133,Drama,103,tt1659337,https://www.imdb.com/title/tt1659337/,7.7397,"Based on the novel written by Stephen Chbosky, this is about 15-year-old Charlie (Logan Lerman), an endearing and naive outsider, coping with first love (Emma Watson), the suicide of his best friend, and his own mental illness while struggling to find a group of people with whom he belongs. The introvert freshman is taken under the wings of two seniors, Sam and Patrick, who welcome him to the real world.",20 wins & 51 nominations total,67.0,7.9,"$17,742,948",Stephen Chbosky,English,United States,0.7003,0.188,0.134,0.678,0.7003,positive,13,46010.230769230766,5.8,Safe Bet,Drama
245,The Iron Giant,1999,8.1,261463,"Action, Adventure, Animation",86,tt0129167,https://www.imdb.com/title/tt0129167/,7.736,"This is the story of a nine-year-old boy named Hogarth Hughes who makes friends with an innocent alien giant robot that came from outer space. Meanwhile, a paranoid U.S. Government agent named Kent Mansley arrives in town, determined to destroy the giant at all costs. It's up to Hogarth to protect him by keeping him at Dean McCoppin's place in the junkyard.",Won 1 BAFTA Award20 wins & 18 nominations total,85.0,8.1,"$23,315,035",Brad Bird,English,"United States, Czech Republic, United Kingdom",0.6124,0.146,0.076,0.778,0.6124,positive,26,10056.26923076923,1.06,Overhyped,Action
246,Children of Men,2006,7.9,567141,"Drama, Sci-Fi, Thriller",109,tt0206634,https://www.imdb.com/title/tt0206634/,7.7332,"London, 2027. In this dystopian world, humans have been incapable of reproducing for eighteen years for an unknown reason, meaning the imminent extinction of the species. Britain is the one remaining civilized society on the planet, which has resulted in people wanting to immigrate there. As such, it has become a police state in order to handle the immigrants, who are placed into refugee camps. Lowly government bureaucrat Theo Faron, once an activist, is approached by the Fishes, deemed a terrorist group, led by his ex-wife Julian Taylor, who he has not seen in close to twenty years, their marriage which disintegrated following the death of their infant son Dylan during the 2008 flu pandemic. Although the Fishes did use terrorist means in their on-going revolution against the state in the fight for immigrant rights, Julian vows that they now garner support solely by speaking to the people. What she wants is for Theo to use his connections to get transit papers for a young immigrant woman named Kee who needs to get to the coast. Although initially reluctant to do it because of the difficulty, Theo is able to grant Julian this favor, however with the change that he now needs to accompany Kee on her journey. As Theo and Kee progress on that journey, Theo learns more and more about what's going on, including the reason that Kee needs to get to the coast, the fact that no one in the group knows if their end destination even exists, and that his and Kee's lives are in greater danger than he believed when they started the journey. But Theo's sole mission becomes to help Kee at any cost for the survival of the species.",Nominated for 3 Oscars. 49 wins & 89 nominations total,84.0,7.9,"$35,552,383",Alfonso Cuarón,"English, German, Italian, Romanian, Spanish, Arabic, Georgian, Hebrew, Sanskrit, Russian, Serbian","United States, United Kingdom, Japan",-0.7506,0.042,0.073,0.886,0.7506,negative,19,29849.526315789473,3.67,Avoid,Drama
247,Metropolis,1927,8.2,201487,"Drama, Sci-Fi",150,tt0017136,https://www.imdb.com/title/tt0017136/,7.7318,"Sometime in the future, the city of Metropolis is home to a Utopian society where its wealthy residents live a carefree life. One of those is Freder Fredersen. One day, he spots a beautiful woman with a group of children, she and the children quickly disappear. Trying to follow her, he is horrified to find an underground world of workers who apparently run the machinery that keeps the Utopian world above ground functioning. One of the few people above ground who knows about the world below is Freder's father, John Fredersen, who is the founder and master of Metropolis. Freder learns that the woman is called Maria, who espouses the need to join the ""hands"" - the workers - to the ""head"" - those in power above - by a mediator who will act as the ""heart"". Freder wants to help the plight of the workers in their struggle for a better life. But when John learns of what Maria is advocating and that Freder has joined their cause, with the assistance of an old colleague. an inventor called Rotwang, who turns out to be But their nemesis goes to works towards quashing a proposed uprising, with Maria at the centre of their plan. John, unaware that Rotwang has his own agenda., makes plans that include shutting down the machines, with the prospect of unleashing total anarchy both above and below ground.",7 wins & 6 nominations total,98.0,8.2,"$1,236,166",Fritz Lang,"German, None",Germany,0.8074,0.069,0.031,0.9,0.8074,positive,98,2055.9897959183672,0.0,Overhyped,Drama
248,Magnolia,1999,8.0,350194,Drama,188,tt0175880,https://www.imdb.com/title/tt0175880/,7.731,"24 hours in L.A.; it's raining cats and dogs. Two parallel and intercut stories dramatize men about to die: both are estranged from a grown child, both want to make contact, and neither child wants anything to do with dad. Earl Partridge's son is a charismatic misogynist; Jimmy Gator's daughter is a cokehead and waif. A mild and caring nurse intercedes for Earl, reaching the son; a prayerful and upright beat cop meets the daughter, is attracted to her, and leads her toward a new calm. Meanwhile, guilt consumes Earl's young wife, while two whiz kids, one grown and a loser and the other young and pressured, face their situations. The weather, too, is quirky.",Nominated for 3 Oscars. 28 wins & 59 nominations total,78.0,8.0,"$22,455,976",Paul Thomas Anderson,"English, German, French",United States,-0.2263,0.089,0.088,0.824,0.2263,negative,26,13469.0,1.51,Avoid,Drama
249,Dallas Buyers Club,2013,7.9,549422,"Biography, Drama",117,tt0790636,https://www.imdb.com/title/tt0790636/,7.7292,"Dallas 1985. Electrician and sometimes rodeo bull rider Ron Woodroof lives hard, which includes heavy smoking, drinking, drug use (primarily cocaine) and casual sex. He is racist and homophobic. While in the hospital on a work related injury, the doctors discover and inform him that he is HIV+, and that he will most-likely die within thirty days. Ron is initially in angry denial that he would have a disease that only ""faggots"" have, but upon quick reflection comes to the realization that the diagnosis is probably true. He begins to read whatever research is available about the disease, which at this time seems to be most effectively treated by the drug AZT. AZT, however, is only in the clinical trials stage within the US. Incredulous that he, as a dying man, cannot pay for any drug which may save or at least prolong his life, he goes searching for it by whatever means possible. It eventually leads him to Mexico and a ""Dr."" Vass, an American physician whose license was revoked in the US because of his AIDS related work against US regulations. Dr. Vass leads Ron to a cocktail of other drugs, some vitamins, he believes are more effective in treating the symptoms, since the virus, as Ron learns, will always be in the system of those who have been exposed to it. Ron begins to smuggle these drugs not approved by the FDA into the US, not only for his own use but for sale to other HIV+ persons. In this venture, he goes into an unlikely partnership with a HIV+ transgender woman named Rayon, who he met in the hospital and who has greater contact with AIDS patients through the gay community. As they try to work both above ground to get the meds to those that need them and underground to avoid detection by especially the FDA, Ron comes up with an idea to circumvent the fact of selling the drugs - which are not considered drugs yet since they are not FDA approved - directly to the HIV+ population, which then should should not be against the law. Richard Barkley and Dr. Sevard, the FDA's lead man on the file and one of Ron's doctors respectively, the latter who sees clinical trials as the only way to determine the efficacy of drugs despite the fact that Ron and others would have probably died already without these drugs, try to stop Ron and Rayon at every turn. Caught in the middle is Dr. Eve Saks, another of Ron's doctors, who understands why policies are in place, but who can sympathize with Ron, Rayon and others - all her patients, directly or indirectly - in their situation.",Won 3 Oscars. 85 wins & 88 nominations total,77.0,7.9,"$27,298,285",Jean-Marc Vallée,"English, Japanese",United States,-0.3555,0.053,0.067,0.88,0.3555,negative,12,45785.166666666664,5.77,Hidden Gem,Biography
250,The Bridge on the River Kwai,1957,8.1,248959,"Adventure, Drama, War",161,tt0050212,https://www.imdb.com/title/tt0050212/,7.7259,"During WW II, allied POWs in a Japanese internment camp are ordered to build a bridge to accommodate the Burma-Siam railway. Their instinct is to sabotage the bridge, but under the leadership of Colonel Nicholson they're persuaded the bridge should be built to help morale, spirit. At first, the prisoners admire Nicholson when he bravely endures torture rather than compromise his principles for the benefit of Japanese Commandant Colonel Saito, but soon they realise it's a monument to Nicholson, himself, as well as a form of collaboration with the enemy.",Won 7 Oscars. 30 wins & 7 nominations total,88.0,8.1,"$27,200,000",David Lean,"English, Japanese, Thai","United Kingdom, United States",0.4767,0.177,0.142,0.68,0.4767,positive,68,3661.1617647058824,0.21,Overhyped,Adventure
